"Data","Ostatnio","Otwarcie","Max.","Min.","Wol.","Zmiana%"
"04.04.2023","108,44","109,60","110,00","108,00","292,13K","0,35%"
"03.04.2023","108,06","110,94","110,94","106,44","603,62K","-2,84%"
"31.03.2023","111,22","120,00","124,32","111,22","1,58M","-1,82%"
"30.03.2023","113,28","110,22","114,70","109,90","751,78K","2,81%"
"29.03.2023","110,18","110,00","110,84","105,96","470,41K","1,08%"
"28.03.2023","109,00","114,76","114,76","108,90","593,25K","-4,44%"
"27.03.2023","114,06","111,50","114,30","110,60","355,49K","3,13%"
"24.03.2023","110,60","110,00","113,20","109,52","635,85K","0,55%"
"23.03.2023","110,00","112,22","113,18","109,22","885,63K","-2,46%"
"22.03.2023","112,78","115,44","116,40","112,32","793,65K","-3,16%"
"21.03.2023","116,46","126,88","127,70","115,00","1,28M","-10,91%"
"20.03.2023","130,72","129,92","132,28","128,86","192,23K","-0,21%"
"17.03.2023","131,00","135,20","136,30","130,28","530,35K","-3,25%"
"16.03.2023","135,40","131,50","135,40","130,02","365,86K","4,67%"
"15.03.2023","129,36","130,00","132,52","128,90","257,20K","-0,49%"
"14.03.2023","130,00","127,04","132,40","127,04","412,44K","2,30%"
"13.03.2023","127,08","128,72","129,88","122,82","412,41K","-1,26%"
"10.03.2023","128,70","130,90","131,20","127,62","187,72K","-2,63%"
"09.03.2023","132,18","132,00","133,78","131,46","134,13K","-0,06%"
"08.03.2023","132,26","134,68","134,68","131,46","125,97K","-0,90%"
"07.03.2023","133,46","132,50","134,80","131,40","169,15K","0,95%"
"06.03.2023","132,20","132,00","132,50","130,20","177,40K","1,18%"
"03.03.2023","130,66","132,00","133,50","129,76","235,16K","-0,11%"
"02.03.2023","130,80","132,00","132,30","129,48","201,94K","-1,10%"
"01.03.2023","132,26","133,86","135,60","131,90","203,94K","-0,11%"
"28.02.2023","132,40","132,12","133,80","130,78","207,58K","0,21%"
"27.02.2023","132,12","130,00","133,04","129,38","133,39K","2,01%"
"24.02.2023","129,52","134,14","134,14","129,46","170,55K","-3,70%"
"23.02.2023","134,50","132,06","135,86","132,06","167,81K","1,94%"
"22.02.2023","131,94","131,20","132,56","129,16","187,69K","0,55%"
"21.02.2023","131,22","136,00","136,00","131,22","352,52K","-3,76%"
"20.02.2023","136,34","136,24","137,74","135,10","91,63K","0,38%"
"17.02.2023","135,82","139,00","139,22","135,82","201,95K","-2,65%"
"16.02.2023","139,52","139,16","140,64","136,82","145,15K","0,81%"
"15.02.2023","138,40","133,70","138,50","133,36","126,87K","3,10%"
"14.02.2023","134,24","140,50","142,98","133,80","286,18K","-3,35%"
"13.02.2023","138,90","139,60","140,38","137,00","334,40K","0,19%"
"10.02.2023","138,64","140,68","141,10","136,18","795,94K","-2,01%"
"09.02.2023","141,48","143,00","143,66","141,14","143,71K","-0,16%"
"08.02.2023","141,70","142,56","145,40","141,52","185,10K","0,30%"
"07.02.2023","141,28","141,98","141,98","136,02","324,22K","-0,90%"
"06.02.2023","142,56","145,60","145,94","141,32","263,53K","-2,89%"
"03.02.2023","146,80","146,98","148,42","144,60","471,93K","0,70%"
"02.02.2023","145,78","141,50","148,10","140,14","574,70K","5,42%"
"01.02.2023","138,28","139,50","141,84","137,36","353,20K","-0,75%"
"31.01.2023","139,32","134,24","140,32","133,00","674,47K","4,91%"
"30.01.2023","132,80","133,50","134,00","131,20","321,85K","-0,82%"
"27.01.2023","133,90","135,00","136,42","133,40","123,92K","-0,56%"
"26.01.2023","134,66","133,36","135,60","132,54","142,43K","2,39%"
"25.01.2023","131,52","133,00","133,38","131,00","131,58K","-1,79%"
"24.01.2023","133,92","135,20","137,28","132,90","225,86K","-1,31%"
"23.01.2023","135,70","132,54","135,98","132,54","258,89K","2,40%"
"20.01.2023","132,52","132,90","134,42","131,60","191,74K","0,02%"
"19.01.2023","132,50","131,18","134,48","130,12","299,00K","-0,59%"
"18.01.2023","133,28","129,22","134,80","129,22","327,12K","3,00%"
"17.01.2023","129,40","129,00","131,16","127,24","246,42K","0,45%"
"16.01.2023","128,82","133,00","133,40","128,82","280,50K","-2,51%"
"13.01.2023","132,14","130,20","134,20","130,08","289,52K","1,69%"
"12.01.2023","129,94","135,70","135,80","128,70","845,56K","-4,29%"
"11.01.2023","135,76","138,34","139,38","134,30","460,25K","-1,74%"
"10.01.2023","138,16","132,26","138,64","131,96","340,65K","3,30%"
"09.01.2023","133,74","132,60","136,00","131,30","506,01K","0,89%"
"05.01.2023","132,56","127,20","134,12","127,10","553,37K","3,97%"
"04.01.2023","127,50","130,60","130,60","126,88","448,47K","-1,16%"
"03.01.2023","129,00","130,00","132,08","128,20","442,44K","-0,26%"
"02.01.2023","129,34","129,00","131,74","128,66","154,16K","-0,23%"
"30.12.2022","129,64","128,00","130,38","128,00","156,06K","0,61%"
"29.12.2022","128,86","126,00","129,30","126,00","156,60K","2,53%"
"28.12.2022","125,68","127,00","128,96","125,54","241,39K","-1,07%"
"27.12.2022","127,04","130,00","130,00","126,88","145,36K","-1,75%"
"23.12.2022","129,30","127,20","130,50","125,82","188,31K","1,73%"
"22.12.2022","127,10","130,00","130,60","126,82","191,80K","-2,31%"
"21.12.2022","130,10","128,00","130,74","127,82","214,30K","1,64%"
"20.12.2022","128,00","127,20","129,42","126,66","199,56K","-0,57%"
"19.12.2022","128,74","133,00","133,28","128,20","286,41K","-2,94%"
"16.12.2022","132,64","129,30","134,70","126,66","886,98K","2,11%"
"15.12.2022","129,90","141,00","141,00","129,90","914,58K","-8,91%"
"14.12.2022","142,60","137,10","143,00","136,38","407,50K","4,07%"
"13.12.2022","137,02","135,48","139,80","133,92","309,99K","1,86%"
"12.12.2022","134,52","132,00","136,70","130,00","250,40K","2,39%"
"09.12.2022","131,38","127,50","132,02","126,50","265,11K","3,87%"
"08.12.2022","126,48","129,00","129,80","125,10","267,77K","-1,57%"
"07.12.2022","128,50","130,76","130,76","128,08","289,34K","-1,73%"
"06.12.2022","130,76","128,00","131,50","125,70","389,62K","2,32%"
"05.12.2022","127,80","128,68","132,84","127,54","461,70K","0,38%"
"02.12.2022","127,32","124,00","129,50","122,58","601,97K","3,03%"
"01.12.2022","123,58","133,00","134,50","123,40","990,99K","-5,65%"
"30.11.2022","130,98","131,48","134,32","128,74","755,59K","-0,38%"
"29.11.2022","131,48","142,02","142,50","128,48","1,28M","-5,08%"
"28.11.2022","138,52","140,00","140,96","137,34","363,61K","-1,06%"
"25.11.2022","140,00","141,00","144,60","140,00","376,52K","-0,98%"
"24.11.2022","141,38","140,00","143,38","140,00","250,57K","2,01%"
"23.11.2022","138,60","138,80","141,96","137,18","236,65K","0,48%"
"22.11.2022","137,94","140,00","143,84","137,14","377,09K","-0,96%"
"21.11.2022","139,28","144,70","145,90","136,50","489,77K","-3,94%"
"18.11.2022","145,00","147,34","153,50","144,92","422,21K","-1,25%"
"17.11.2022","146,84","147,06","148,86","143,22","287,22K","1,14%"
"16.11.2022","145,18","145,50","150,02","145,02","507,27K","-1,57%"
"15.11.2022","147,50","149,00","149,58","143,56","429,61K","1,33%"
"14.11.2022","145,56","141,10","148,98","141,10","715,80K","3,38%"
"10.11.2022","140,80","135,90","143,00","135,00","393,95K","3,29%"
"09.11.2022","136,32","135,70","136,98","133,54","194,13K","0,18%"
"08.11.2022","136,08","136,00","137,14","131,94","431,53K","-0,15%"
"07.11.2022","136,28","139,98","142,42","133,12","434,48K","-2,08%"
"04.11.2022","139,18","134,90","140,00","134,24","361,60K","3,68%"
"03.11.2022","134,24","133,00","135,48","130,78","505,83K","-1,45%"
"02.11.2022","136,22","127,50","136,50","126,24","918,44K","7,18%"
"31.10.2022","127,10","124,00","128,60","122,70","443,32K","2,50%"
"28.10.2022","124,00","119,50","124,70","118,54","603,44K","3,25%"
"27.10.2022","120,10","122,46","122,46","118,50","412,61K","-1,93%"
"26.10.2022","122,46","118,26","123,40","117,30","624,19K","3,55%"
"25.10.2022","118,26","120,50","121,00","117,54","649,38K","-2,26%"
"24.10.2022","121,00","120,00","124,86","119,50","638,91K","2,02%"
"21.10.2022","118,60","117,98","122,30","117,20","487,84K","-0,27%"
"20.10.2022","118,92","120,00","120,38","117,02","680,87K","0,17%"
"19.10.2022","118,72","122,66","123,32","118,72","637,33K","-2,06%"
"18.10.2022","121,22","119,30","125,88","118,42","950,59K","2,76%"
"17.10.2022","117,96","114,50","117,98","113,36","381,47K","3,69%"
"14.10.2022","113,76","115,00","117,22","113,06","498,21K","1,52%"
"13.10.2022","112,06","114,00","116,90","111,28","651,18K","-2,39%"
"12.10.2022","114,80","120,80","120,80","114,10","677,54K","-4,97%"
"11.10.2022","120,80","114,50","120,80","112,38","976,53K","5,34%"
"10.10.2022","114,68","114,90","116,14","113,02","736,06K","-1,33%"
"07.10.2022","116,22","111,00","116,22","109,02","786,41K","4,20%"
"06.10.2022","111,54","112,98","113,00","108,60","827,35K","1,16%"
"05.10.2022","110,26","118,34","122,00","109,52","2,66M","1,72%"
"04.10.2022","108,40","107,00","109,46","105,72","926,62K","2,90%"
"03.10.2022","105,34","100,00","105,80","96,61","1,02M","5,13%"
"30.09.2022","100,20","98,62","101,96","97,00","701,00K","1,60%"
"29.09.2022","98,62","107,00","108,50","97,82","906,18K","-6,75%"
"28.09.2022","105,76","103,00","106,50","100,78","837,86K","1,63%"
"27.09.2022","104,06","102,22","106,98","100,28","1,64M","1,34%"
"26.09.2022","102,68","94,96","104,00","91,11","1,48M","13,47%"
"23.09.2022","90,49","90,00","93,59","88,50","1,56M","2,26%"
"22.09.2022","88,49","86,70","91,50","86,45","940,57K","0,65%"
"21.09.2022","87,92","88,42","90,23","86,80","403,64K","-1,53%"
"20.09.2022","89,29","89,80","90,65","87,99","544,30K","0,43%"
"19.09.2022","88,91","95,10","97,45","87,90","1,64M","0,16%"
"16.09.2022","88,77","89,86","90,94","86,54","2,82M","-3,20%"
"15.09.2022","91,70","90,60","92,60","88,59","1,04M","1,39%"
"14.09.2022","90,44","85,90","90,60","85,01","652,75K","4,97%"
"13.09.2022","86,16","85,40","89,48","85,01","855,97K","1,80%"
"12.09.2022","84,64","88,00","88,20","82,70","635,21K","-3,60%"
"09.09.2022","87,80","84,70","87,80","83,04","610,04K","6,93%"
"08.09.2022","82,11","81,00","84,44","79,04","959,96K","5,42%"
"07.09.2022","77,89","81,00","84,20","76,83","704,96K","-0,87%"
"06.09.2022","78,57","82,20","82,37","78,42","415,89K","-3,78%"
"05.09.2022","81,66","82,05","83,37","81,00","361,22K","-0,41%"
"02.09.2022","82,00","81,92","82,50","80,13","374,49K","0,61%"
"01.09.2022","81,50","84,00","84,00","81,30","369,25K","-3,11%"
"31.08.2022","84,12","82,01","86,00","82,00","570,41K","2,70%"
"30.08.2022","81,91","82,86","83,67","81,50","367,15K","-0,75%"
"29.08.2022","82,53","82,06","82,93","80,86","203,98K","-1,75%"
"26.08.2022","84,00","82,90","85,83","82,00","452,52K","1,40%"
"25.08.2022","82,84","84,80","85,71","82,16","209,14K","-1,39%"
"24.08.2022","84,01","84,00","84,94","82,60","360,30K","0,01%"
"23.08.2022","84,00","85,93","86,46","83,95","370,05K","-2,39%"
"22.08.2022","86,06","88,40","88,44","85,70","496,12K","-3,23%"
"19.08.2022","88,93","90,97","91,32","88,93","468,74K","-3,44%"
"18.08.2022","92,10","93,50","94,50","90,80","186,72K","-1,50%"
"17.08.2022","93,50","92,55","93,89","91,70","286,37K","1,03%"
"16.08.2022","92,55","95,47","96,69","91,81","295,82K","-1,54%"
"12.08.2022","94,00","96,40","96,40","93,19","285,23K","-1,68%"
"11.08.2022","95,61","92,00","95,88","91,70","340,82K","3,92%"
"10.08.2022","92,00","89,50","92,75","87,60","281,54K","3,95%"
"09.08.2022","88,50","91,97","93,00","88,46","235,34K","-3,49%"
"08.08.2022","91,70","93,50","93,50","90,11","331,81K","-1,04%"
"05.08.2022","92,66","92,50","94,89","92,02","426,48K","0,19%"
"04.08.2022","92,48","88,50","93,55","87,70","439,23K","5,45%"
"03.08.2022","87,70","87,01","89,19","86,55","252,40K","1,39%"
"02.08.2022","86,50","90,00","90,13","86,47","300,05K","-4,28%"
"01.08.2022","90,37","89,30","91,15","87,40","227,48K","-0,48%"
"29.07.2022","90,81","89,90","90,81","88,80","324,90K","2,61%"
"28.07.2022","88,50","91,78","91,78","88,07","241,72K","-0,49%"
"27.07.2022","88,94","91,20","91,20","86,60","365,85K","-0,77%"
"26.07.2022","89,63","89,73","90,60","87,15","471,22K","-0,52%"
"25.07.2022","90,10","97,00","97,00","90,10","534,75K","-8,54%"
"22.07.2022","98,51","93,00","98,78","92,70","392,70K","6,44%"
"21.07.2022","92,55","95,00","95,00","91,68","419,95K","-1,96%"
"20.07.2022","94,40","95,61","95,78","91,88","350,66K","0,44%"
"19.07.2022","93,99","93,80","94,00","90,76","283,41K","0,19%"
"18.07.2022","93,81","95,00","95,56","91,27","347,75K","0,53%"
"15.07.2022","93,32","95,00","97,55","93,00","336,67K","-1,58%"
"14.07.2022","94,82","97,65","98,92","93,81","278,10K","-2,90%"
"13.07.2022","97,65","102,02","102,52","96,23","218,60K","-4,28%"
"12.07.2022","102,02","104,50","104,50","101,10","420,78K","-2,37%"
"11.07.2022","104,50","104,00","105,92","102,64","433,05K","1,06%"
"08.07.2022","103,40","103,80","104,90","100,50","263,89K","-0,37%"
"07.07.2022","103,78","97,89","103,92","97,52","449,30K","6,50%"
"06.07.2022","97,45","91,60","99,00","91,50","490,56K","6,12%"
"05.07.2022","91,83","96,78","96,78","88,88","372,66K","-3,64%"
"04.07.2022","95,30","97,90","97,90","94,11","259,14K","-2,72%"
"01.07.2022","97,96","95,40","98,28","93,56","309,70K","2,38%"
"30.06.2022","95,68","97,00","101,10","95,41","573,89K","-2,71%"
"29.06.2022","98,35","96,50","98,35","94,24","312,58K","0,98%"
"28.06.2022","97,40","95,40","97,85","95,17","291,40K","2,55%"
"27.06.2022","94,98","94,70","95,50","93,08","324,29K","0,60%"
"24.06.2022","94,41","91,50","94,65","90,69","226,06K","4,12%"
"23.06.2022","90,67","90,00","91,68","89,05","206,79K","-0,31%"
"22.06.2022","90,95","90,19","91,71","88,37","246,97K","-0,46%"
"21.06.2022","91,37","93,19","93,70","90,92","284,66K","-1,22%"
"20.06.2022","92,50","90,60","93,48","90,60","215,99K","2,18%"
"17.06.2022","90,53","90,36","93,26","90,00","849,09K","-1,39%"
"15.06.2022","91,81","91,50","91,90","89,91","413,81K","0,45%"
"14.06.2022","91,40","88,50","92,40","86,69","603,54K","3,36%"
"13.06.2022","88,43","91,50","92,78","88,30","594,37K","-5,55%"
"10.06.2022","93,63","93,25","95,90","89,81","948,62K","-0,34%"
"09.06.2022","93,95","103,50","103,50","93,15","1,10M","-9,12%"
"08.06.2022","103,38","104,28","105,86","103,02","345,85K","-1,71%"
"07.06.2022","105,18","106,46","106,88","103,52","390,57K","-1,61%"
"06.06.2022","106,90","104,60","108,70","103,58","275,87K","2,59%"
"03.06.2022","104,20","108,90","109,70","104,02","260,09K","-3,46%"
"02.06.2022","107,94","109,06","109,06","106,50","246,18K","-0,39%"
"01.06.2022","108,36","109,30","110,62","108,20","288,76K","-0,28%"
"31.05.2022","108,66","113,10","113,12","108,52","1,18M","-3,93%"
"30.05.2022","113,10","114,00","117,98","113,08","341,85K","0,73%"
"27.05.2022","112,28","112,06","114,72","107,32","596,17K","1,50%"
"26.05.2022","110,62","108,50","111,60","106,62","378,58K","2,43%"
"25.05.2022","108,00","111,00","111,26","105,88","480,38K","-2,70%"
"24.05.2022","111,00","115,64","116,80","110,84","565,23K","-4,82%"
"23.05.2022","116,62","120,00","121,80","115,52","277,64K","-1,47%"
"20.05.2022","118,36","117,00","121,68","116,70","389,42K","1,27%"
"19.05.2022","116,88","117,20","118,04","114,76","676,74K","-1,86%"
"18.05.2022","119,10","124,80","124,80","118,82","429,69K","-4,06%"
"17.05.2022","124,14","118,48","125,40","117,40","548,38K","6,21%"
"16.05.2022","116,88","120,50","121,38","116,88","233,20K","-3,15%"
"13.05.2022","120,68","117,38","121,72","116,26","328,13K","3,48%"
"12.05.2022","116,62","117,12","119,52","113,62","20,08K","-3,68%"
"11.05.2022","121,08","117,46","121,46","115,78","408,03K","3,93%"
"10.05.2022","116,50","117,36","118,20","113,30","300,50K","1,25%"
"09.05.2022","115,06","117,74","117,84","114,14","297,62K","-2,28%"
"06.05.2022","117,74","117,00","118,46","114,40","497,09K","-1,46%"
"05.05.2022","119,48","124,70","125,30","118,96","417,24K","-2,91%"
"04.05.2022","123,06","120,00","123,62","115,22","748,43K","3,05%"
"02.05.2022","119,42","119,82","121,18","115,50","389,24K","-1,29%"
"29.04.2022","120,98","124,16","126,90","119,78","642,61K","-2,02%"
"28.04.2022","123,48","130,00","130,34","122,40","641,56K","-4,37%"
"27.04.2022","129,12","128,00","130,92","125,00","643,45K","0,91%"
"26.04.2022","127,96","131,94","133,20","126,84","569,59K","-2,11%"
"25.04.2022","130,72","127,00","131,20","125,70","922,89K","2,45%"
"22.04.2022","127,60","129,00","132,00","125,66","1,07M","-0,81%"
"21.04.2022","128,64","138,00","139,74","127,80","1,40M","-6,40%"
"20.04.2022","137,44","150,00","152,40","137,44","1,23M","-8,31%"
"19.04.2022","149,90","167,00","167,96","149,80","1,67M","-10,24%"
"14.04.2022","167,00","167,82","170,26","162,96","467,34K","-1,70%"
"13.04.2022","169,88","170,00","171,32","168,18","124,38K","0,64%"
"12.04.2022","168,80","174,76","174,90","168,70","253,05K","-3,97%"
"11.04.2022","175,78","170,10","175,90","168,90","237,85K","2,87%"
"08.04.2022","170,88","176,00","176,00","170,50","200,79K","-1,79%"
"07.04.2022","174,00","176,60","177,34","173,70","237,13K","-0,63%"
"06.04.2022","175,10","178,08","178,08","173,62","187,27K","-0,68%"
"05.04.2022","176,30","175,00","179,92","174,48","335,44K","1,25%"
"04.04.2022","174,12","175,00","175,90","172,10","189,76K","-0,93%"
"01.04.2022","175,76","174,00","176,70","173,10","227,60K","1,16%"
"31.03.2022","173,74","180,50","182,02","173,74","448,33K","-4,34%"
"30.03.2022","181,62","178,30","182,80","177,80","284,35K","1,86%"
"29.03.2022","178,30","177,24","179,62","174,50","274,92K","1,08%"
"28.03.2022","176,40","175,12","178,86","173,78","207,05K","0,55%"
"25.03.2022","175,44","176,10","178,94","174,00","219,22K","-0,31%"
"24.03.2022","175,98","178,00","178,02","174,00","237,86K","-1,11%"
"23.03.2022","177,96","174,88","181,40","174,30","491,89K","2,17%"
"22.03.2022","174,18","186,94","187,14","171,68","1,11M","1,67%"
"21.03.2022","171,32","168,56","172,80","168,20","183,15K","0,71%"
"18.03.2022","170,12","173,78","174,38","168,20","509,01K","-1,66%"
"17.03.2022","173,00","171,50","173,90","168,80","388,04K","1,59%"
"16.03.2022","170,30","169,00","172,36","166,06","518,06K","2,02%"
"15.03.2022","166,92","163,00","169,40","161,74","356,64K","2,59%"
"14.03.2022","162,70","163,64","166,70","160,52","300,11K","-0,50%"
"11.03.2022","163,52","160,34","165,28","158,52","343,46K","3,49%"
"10.03.2022","158,00","162,72","164,38","158,00","298,59K","-2,51%"
"09.03.2022","162,06","160,40","164,50","160,16","351,24K","2,60%"
"08.03.2022","157,96","162,00","164,88","156,00","437,22K","-3,02%"
"07.03.2022","162,88","158,00","163,48","155,00","578,62K","0,99%"
"04.03.2022","161,28","163,00","165,88","159,56","312,57K","-1,06%"
"03.03.2022","163,00","171,50","172,00","163,00","434,39K","-5,52%"
"02.03.2022","172,52","167,00","175,00","165,98","581,86K","2,51%"
"01.03.2022","168,30","170,00","171,96","166,92","597,47K","-0,06%"
"28.02.2022","168,40","161,42","170,00","159,04","653,47K","2,43%"
"25.02.2022","164,40","164,32","167,48","160,22","427,06K","2,84%"
"24.02.2022","159,86","160,00","164,00","150,20","763,17K","-5,63%"
"23.02.2022","169,40","175,74","179,90","169,00","418,29K","-0,99%"
"22.02.2022","171,10","166,00","171,10","159,20","403,44K","1,24%"
"21.02.2022","169,00","176,56","177,20","168,38","322,39K","-3,32%"
"18.02.2022","174,80","180,00","182,32","174,80","274,16K","-2,89%"
"17.02.2022","180,00","182,00","183,80","178,60","346,06K","-0,99%"
"16.02.2022","181,80","187,50","188,00","180,20","334,22K","0,52%"
"15.02.2022","180,86","180,00","187,36","179,42","622,29K","1,15%"
"14.02.2022","178,80","173,68","180,78","172,90","466,45K","0,44%"
"11.02.2022","178,02","180,76","180,76","176,80","242,56K","-1,91%"
"10.02.2022","181,48","183,80","184,00","178,16","197,82K","-1,15%"
"09.02.2022","183,60","179,80","183,60","177,94","363,96K","2,88%"
"08.02.2022","178,46","179,26","180,00","173,40","495,05K","-0,61%"
"07.02.2022","179,56","178,02","181,32","176,00","407,03K","0,94%"
"04.02.2022","177,88","183,00","187,34","177,88","360,36K","-3,85%"
"03.02.2022","185,00","183,24","185,84","182,46","112,53K","-0,45%"
"02.02.2022","185,84","182,00","186,60","180,94","372,93K","2,71%"
"01.02.2022","180,94","181,28","185,90","177,82","888,18K","0,49%"
"31.01.2022","180,06","169,20","180,06","166,50","524,31K","8,33%"
"28.01.2022","166,22","175,00","176,90","166,10","474,34K","-5,23%"
"27.01.2022","175,40","171,96","175,72","168,56","269,91K","1,32%"
"26.01.2022","173,12","173,50","177,20","172,02","316,12K","0,17%"
"25.01.2022","172,82","178,00","180,88","172,40","515,30K","-2,91%"
"24.01.2022","178,00","185,00","187,50","176,00","492,73K","-4,30%"
"21.01.2022","186,00","189,00","191,00","184,16","377,09K","-2,11%"
"20.01.2022","190,00","189,30","192,36","187,48","394,61K","1,20%"
"19.01.2022","187,74","192,00","192,38","187,00","541,81K","-3,23%"
"18.01.2022","194,00","190,00","208,10","186,46","1,47M","1,57%"
"17.01.2022","191,00","191,50","191,82","188,70","113,83K","0,00%"
"14.01.2022","191,00","192,96","195,34","189,70","256,70K","-1,05%"
"13.01.2022","193,02","193,00","197,76","192,00","294,45K","-1,52%"
"12.01.2022","196,00","189,30","196,66","186,00","523,99K","3,95%"
"11.01.2022","188,56","189,50","193,10","188,20","343,54K","0,24%"
"10.01.2022","188,10","198,60","199,66","188,10","403,34K","-5,31%"
"07.01.2022","198,64","200,40","201,55","195,88","530,65K","-2,63%"
"05.01.2022","204,00","198,00","204,00","197,20","348,89K","2,79%"
"04.01.2022","198,46","200,90","201,80","197,70","513,85K","-1,07%"
"03.01.2022","200,60","192,88","201,90","192,36","650,79K","3,99%"
"30.12.2021","192,90","189,20","192,90","189,20","162,82K","1,46%"
"29.12.2021","190,12","189,50","193,50","188,52","162,69K","-0,20%"
"28.12.2021","190,50","194,00","195,20","189,60","260,01K","-2,45%"
"27.12.2021","195,28","191,18","197,26","188,20","301,04K","0,36%"
"23.12.2021","194,58","197,84","197,86","191,22","224,34K","-1,65%"
"22.12.2021","197,84","191,40","197,84","191,00","334,36K","3,39%"
"21.12.2021","191,36","191,00","193,00","187,02","220,56K","-0,87%"
"20.12.2021","193,04","184,24","193,04","184,06","408,73K","2,16%"
"17.12.2021","188,96","182,72","189,06","182,10","752,66K","2,72%"
"16.12.2021","183,96","183,50","187,24","181,00","464,35K","2,77%"
"15.12.2021","179,00","173,20","181,56","172,94","370,79K","3,52%"
"14.12.2021","172,92","182,62","184,26","172,92","447,54K","-5,31%"
"13.12.2021","182,62","178,66","183,58","178,66","266,66K","2,29%"
"10.12.2021","178,54","179,78","181,30","178,06","147,39K","-0,89%"
"09.12.2021","180,14","184,00","186,76","178,58","319,07K","-3,25%"
"08.12.2021","186,20","185,40","188,06","183,54","249,96K","0,33%"
"07.12.2021","185,58","184,90","189,68","183,40","364,94K","0,86%"
"06.12.2021","184,00","182,10","185,34","181,10","278,65K","1,40%"
"03.12.2021","181,46","181,58","183,58","179,92","621,88K","0,81%"
"02.12.2021","180,00","182,50","183,70","177,50","361,14K","-2,70%"
"01.12.2021","185,00","183,54","185,60","178,10","450,97K","1,23%"
"30.11.2021","182,76","180,00","186,50","175,30","1,31M","-4,57%"
"29.11.2021","191,52","187,00","198,80","186,94","538,88K","3,23%"
"26.11.2021","185,52","185,00","186,80","181,10","553,81K","-0,83%"
"25.11.2021","187,08","189,00","190,98","185,18","194,87K","0,29%"
"24.11.2021","186,54","199,88","201,00","186,50","556,52K","-7,19%"
"23.11.2021","201,00","194,00","201,00","190,40","959,89K","3,35%"
"22.11.2021","194,48","189,00","197,50","186,60","604,45K","2,90%"
"19.11.2021","189,00","180,00","189,60","178,50","463,90K","4,22%"
"18.11.2021","181,34","179,92","181,88","178,00","181,27K","0,78%"
"17.11.2021","179,94","184,50","184,50","179,22","198,92K","-1,67%"
"16.11.2021","183,00","184,00","187,36","182,38","247,35K","-0,17%"
"15.11.2021","183,32","184,72","189,86","183,32","257,87K","-0,80%"
"12.11.2021","184,80","182,50","187,28","182,08","305,79K","2,25%"
"10.11.2021","180,74","182,26","182,50","178,36","148,48K","-0,53%"
"09.11.2021","181,70","178,40","182,86","178,24","194,95K","1,51%"
"08.11.2021","179,00","178,82","181,88","178,22","85,70K","0,10%"
"05.11.2021","178,82","182,00","183,20","177,42","206,71K","-1,26%"
"04.11.2021","181,10","174,02","181,60","173,22","281,41K","4,32%"
"03.11.2021","173,60","173,82","177,32","173,00","406,80K","0,10%"
"02.11.2021","173,42","176,20","176,20","170,66","323,19K","-0,26%"
"29.10.2021","173,88","174,10","177,20","172,58","383,67K","0,61%"
"28.10.2021","172,82","178,98","180,52","172,82","370,01K","-2,92%"
"27.10.2021","178,02","181,82","183,14","176,20","348,71K","-2,19%"
"26.10.2021","182,00","187,26","188,50","182,00","215,29K","-2,78%"
"25.10.2021","187,20","185,50","187,68","184,70","222,79K","1,58%"
"22.10.2021","184,28","181,00","184,98","181,00","289,50K","1,81%"
"21.10.2021","181,00","183,42","184,46","175,76","1,26M","-6,51%"
"20.10.2021","193,60","197,00","197,58","193,50","209,05K","-1,96%"
"19.10.2021","197,48","189,10","197,52","189,10","303,81K","4,45%"
"18.10.2021","189,06","188,80","191,50","186,10","334,34K","0,50%"
"15.10.2021","188,12","200,80","201,00","188,02","963,88K","-5,94%"
"14.10.2021","200,00","208,80","212,00","199,30","577,65K","-4,24%"
"13.10.2021","208,85","203,05","209,40","200,80","402,53K","2,43%"
"12.10.2021","203,90","195,16","204,80","195,16","618,03K","4,46%"
"11.10.2021","195,20","194,76","197,90","192,80","272,27K","0,17%"
"08.10.2021","194,86","193,88","196,70","192,66","253,15K","0,39%"
"07.10.2021","194,10","190,00","197,30","189,68","494,76K","0,50%"
"06.10.2021","193,14","192,70","193,78","188,00","375,76K","-0,44%"
"05.10.2021","194,00","184,00","194,00","182,50","516,59K","5,38%"
"04.10.2021","184,10","188,12","188,12","182,50","423,25K","-2,87%"
"01.10.2021","189,54","190,50","195,40","186,52","21,19K","-1,18%"
"30.09.2021","191,80","186,10","191,80","184,48","364,15K","4,18%"
"29.09.2021","184,10","184,00","186,90","183,00","137,60K","0,15%"
"28.09.2021","183,82","180,30","185,00","179,00","230,90K","1,46%"
"27.09.2021","181,18","185,40","186,14","177,20","295,82K","-1,54%"
"24.09.2021","184,02","192,74","192,80","184,02","363,20K","-4,65%"
"23.09.2021","193,00","191,00","196,50","190,42","257,00K","1,53%"
"22.09.2021","190,10","186,20","192,68","185,80","443,80K","2,87%"
"21.09.2021","184,80","184,20","188,00","183,00","367,10K","0,21%"
"20.09.2021","184,42","192,12","192,26","184,00","384,31K","-5,43%"
"17.09.2021","195,00","197,00","199,42","192,28","1,08M","-0,69%"
"16.09.2021","196,36","191,00","196,50","191,00","597,92K","2,88%"
"15.09.2021","190,86","187,40","191,60","186,64","350,84K","1,10%"
"14.09.2021","188,78","189,00","189,76","184,24","427,52K","0,45%"
"13.09.2021","187,94","182,26","188,70","181,50","489,36K","3,59%"
"10.09.2021","181,42","180,70","183,86","179,18","307,77K","0,41%"
"09.09.2021","180,68","177,90","180,68","176,60","325,66K","1,22%"
"08.09.2021","178,50","185,00","185,00","178,30","466,06K","-3,51%"
"07.09.2021","185,00","186,90","187,58","181,80","424,73K","-1,60%"
"06.09.2021","188,00","187,34","189,20","185,02","298,44K","0,52%"
"03.09.2021","187,02","189,98","192,06","185,00","426,21K","-1,56%"
"02.09.2021","189,98","180,00","192,96","179,60","1,62M","11,52%"
"01.09.2021","170,36","171,00","173,90","169,40","438,62K","0,61%"
"31.08.2021","169,32","167,78","172,62","167,28","718,03K","1,01%"
"30.08.2021","167,62","167,88","169,88","164,40","440,31K","-0,10%"
"27.08.2021","167,78","168,22","168,48","165,50","205,62K","-0,15%"
"26.08.2021","168,04","164,98","170,90","163,20","460,05K","1,49%"
"25.08.2021","165,58","165,72","166,40","164,14","229,92K","-0,12%"
"24.08.2021","165,78","166,22","166,88","165,02","178,93K","0,34%"
"23.08.2021","165,22","166,16","167,78","164,20","191,40K","-0,31%"
"20.08.2021","165,74","168,28","168,30","164,38","412,70K","-1,52%"
"19.08.2021","168,30","167,08","168,68","164,58","192,91K","1,02%"
"18.08.2021","166,60","170,14","170,40","166,50","214,89K","-2,58%"
"17.08.2021","171,02","165,50","171,54","164,50","396,75K","3,65%"
"16.08.2021","165,00","168,90","170,50","165,00","279,20K","-2,31%"
"13.08.2021","168,90","167,60","172,88","166,48","197,49K","1,22%"
"12.08.2021","166,86","167,00","168,08","164,74","175,53K","-0,30%"
"11.08.2021","167,36","166,20","168,56","164,08","226,49K","0,72%"
"10.08.2021","166,16","172,60","172,80","166,16","527,03K","-3,40%"
"09.08.2021","172,00","175,00","175,24","170,66","230,12K","-1,22%"
"06.08.2021","174,12","178,30","178,34","173,50","181,80K","-2,31%"
"05.08.2021","178,24","175,88","179,78","174,74","290,57K","1,79%"
"04.08.2021","175,10","175,52","178,00","172,66","244,13K","-0,24%"
"03.08.2021","175,52","177,00","177,38","174,10","411,37K","0,30%"
"02.08.2021","175,00","183,48","183,48","174,60","828,78K","-5,27%"
"30.07.2021","184,74","182,66","184,80","178,64","307,10K","0,40%"
"29.07.2021","184,00","186,00","189,30","182,86","540,02K","0,12%"
"28.07.2021","183,78","183,22","184,06","176,80","669,13K","0,31%"
"27.07.2021","183,22","184,42","184,78","181,22","317,10K","-0,42%"
"26.07.2021","184,00","188,90","188,90","182,34","338,74K","-1,22%"
"23.07.2021","186,28","187,50","189,08","185,86","219,46K","0,13%"
"22.07.2021","186,04","187,30","191,00","185,24","254,14K","0,85%"
"21.07.2021","184,48","188,00","194,24","180,40","415,89K","-1,66%"
"20.07.2021","187,60","186,86","188,80","185,14","399,60K","0,70%"
"19.07.2021","186,30","193,60","194,00","184,64","508,61K","-4,04%"
"16.07.2021","194,14","194,94","197,96","193,50","279,13K","-0,40%"
"15.07.2021","194,92","195,98","197,66","193,12","400,15K","-0,52%"
"14.07.2021","195,94","203,00","203,20","195,50","329,11K","-3,69%"
"13.07.2021","203,45","202,50","206,15","201,30","417,15K","0,79%"
"12.07.2021","201,85","190,20","202,00","190,10","1,03M","7,37%"
"09.07.2021","188,00","189,14","189,88","187,10","220,83K","0,28%"
"08.07.2021","187,48","192,00","193,90","186,82","319,78K","-3,06%"
"07.07.2021","193,40","189,68","193,50","186,86","407,52K","3,25%"
"06.07.2021","187,32","191,90","192,50","187,32","437,75K","-2,39%"
"05.07.2021","191,90","192,62","192,90","189,34","146,93K","0,89%"
"02.07.2021","190,20","189,68","192,80","188,80","264,19K","0,76%"
"01.07.2021","188,76","185,10","190,96","185,10","365,13K","2,02%"
"30.06.2021","185,02","187,38","190,00","182,60","506,27K","-1,77%"
"29.06.2021","188,36","185,00","193,24","185,00","667,81K","1,54%"
"28.06.2021","185,50","179,62","187,60","178,06","504,10K","3,22%"
"25.06.2021","179,72","180,00","184,10","179,00","511,22K","-0,18%"
"24.06.2021","180,04","178,00","182,40","176,54","394,30K","1,15%"
"23.06.2021","178,00","177,10","178,72","173,04","575,11K","0,12%"
"22.06.2021","177,78","182,98","185,96","177,12","356,45K","-3,05%"
"21.06.2021","183,38","183,86","184,62","179,42","256,81K","-0,26%"
"18.06.2021","183,86","182,00","183,86","179,00","889,32K","1,58%"
"17.06.2021","181,00","185,00","186,40","178,22","843,20K","-2,76%"
"16.06.2021","186,14","207,00","211,65","186,00","1,53M","-6,45%"
"15.06.2021","198,98","191,50","204,70","190,90","1,57M","6,53%"
"14.06.2021","186,78","186,20","187,90","182,66","406,46K","0,53%"
"11.06.2021","185,80","174,00","186,50","172,82","674,70K","6,78%"
"10.06.2021","174,00","177,10","178,26","172,58","284,22K","-1,42%"
"09.06.2021","176,50","173,00","178,80","170,80","879,84K","3,22%"
"08.06.2021","171,00","169,28","172,20","168,00","418,03K","0,73%"
"07.06.2021","169,76","170,66","173,68","167,12","454,67K","-0,84%"
"04.06.2021","171,20","164,82","171,20","161,82","516,37K","5,95%"
"02.06.2021","161,58","154,00","161,78","152,80","1,25M","5,35%"
"01.06.2021","153,38","156,12","158,00","152,60","1,83M","-9,10%"
"31.05.2021","168,74","175,00","175,00","168,28","525,99K","-5,51%"
"28.05.2021","178,58","177,70","182,96","174,00","598,75K","1,75%"
"27.05.2021","175,50","165,60","175,50","165,50","1,11M","8,60%"
"26.05.2021","161,60","165,00","168,18","161,60","392,38K","-2,00%"
"25.05.2021","164,90","169,22","173,66","162,10","641,94K","-1,97%"
"24.05.2021","168,22","172,00","172,00","168,10","463,01K","-2,76%"
"21.05.2021","173,00","175,50","176,36","171,46","659,44K","-1,42%"
"20.05.2021","175,50","169,22","176,32","169,20","681,65K","3,81%"
"19.05.2021","169,06","169,00","170,30","166,00","578,88K","-0,55%"
"18.05.2021","170,00","174,50","176,66","167,24","935,85K","-1,00%"
"17.05.2021","171,72","167,00","178,00","165,50","927,41K","4,15%"
"14.05.2021","164,88","159,48","166,76","155,10","614,87K","4,41%"
"13.05.2021","157,92","162,20","164,12","155,74","604,19K","-1,91%"
"12.05.2021","161,00","155,26","170,78","151,78","963,65K","4,37%"
"11.05.2021","154,26","156,96","157,08","151,08","771,29K","-1,53%"
"10.05.2021","156,66","163,00","165,40","156,60","468,42K","-2,97%"
"07.05.2021","161,46","157,00","161,46","156,14","449,91K","3,16%"
"06.05.2021","156,52","160,50","161,28","154,62","773,76K","-3,08%"
"05.05.2021","161,50","168,00","168,42","156,30","772,18K","-4,39%"
"04.05.2021","168,92","175,22","175,80","167,70","591,80K","-2,99%"
"30.04.2021","174,12","175,76","179,74","174,00","480,14K","-0,64%"
"29.04.2021","175,24","175,00","177,00","170,60","524,52K","1,59%"
"28.04.2021","172,50","170,00","174,70","168,60","666,27K","2,50%"
"27.04.2021","168,30","166,00","173,34","166,00","614,50K","-0,40%"
"26.04.2021","168,98","173,48","173,90","165,10","689,76K","-1,26%"
"23.04.2021","171,14","176,98","179,00","167,50","708,62K","-1,36%"
"22.04.2021","173,50","175,70","176,70","172,30","302,26K","0,52%"
"21.04.2021","172,60","173,00","179,96","167,30","735,26K","-0,23%"
"20.04.2021","173,00","178,50","181,20","172,22","571,33K","-2,54%"
"19.04.2021","177,50","178,94","185,10","177,10","685,11K","0,42%"
"16.04.2021","176,76","190,00","192,50","175,00","1,70M","-5,69%"
"15.04.2021","187,42","186,00","188,80","185,02","325,03K","0,89%"
"14.04.2021","185,76","188,50","190,30","184,20","547,45K","-0,40%"
"13.04.2021","186,50","187,20","190,50","185,98","361,86K","0,00%"
"12.04.2021","186,50","185,70","188,10","183,38","391,29K","1,15%"
"09.04.2021","184,38","183,52","192,00","181,60","1,06M","0,75%"
"08.04.2021","183,00","191,78","191,78","182,10","1,18M","-4,57%"
"07.04.2021","191,76","198,22","198,84","191,00","522,39K","-2,70%"
"06.04.2021","197,08","198,98","201,00","194,02","734,97K","1,28%"
"01.04.2021","194,58","190,80","197,78","185,06","1,06M","2,14%"
"31.03.2021","190,50","199,80","203,70","181,50","3,53M","-12,57%"
"30.03.2021","217,90","250,00","251,60","216,80","1,65M","-9,09%"
"29.03.2021","239,70","218,00","243,50","216,00","2,09M","13,07%"
"26.03.2021","212,00","210,00","216,90","209,50","437,11K","1,87%"
"25.03.2021","208,10","219,90","221,90","208,10","740,46K","-4,15%"
"24.03.2021","217,10","219,40","222,40","215,10","480,75K","-1,63%"
"23.03.2021","220,70","218,00","221,00","211,40","589,24K","1,71%"
"22.03.2021","217,00","221,00","221,00","216,80","536,43K","-2,78%"
"19.03.2021","223,20","220,70","227,00","217,90","961,06K","1,13%"
"18.03.2021","220,70","231,00","231,70","220,70","634,37K","-4,46%"
"17.03.2021","231,00","230,00","232,00","223,10","535,62K","0,65%"
"16.03.2021","229,50","233,00","236,10","226,50","418,64K","-0,17%"
"15.03.2021","229,90","231,00","234,60","225,50","523,88K","1,50%"
"12.03.2021","226,50","223,00","235,10","220,30","846,78K","2,49%"
"11.03.2021","221,00","210,50","223,60","206,60","1,20M","5,14%"
"10.03.2021","210,20","223,00","226,70","210,20","1,26M","-5,74%"
"09.03.2021","223,00","231,50","233,70","223,00","1,02M","-3,88%"
"08.03.2021","232,00","234,90","237,50","232,00","407,55K","0,00%"
"05.03.2021","232,00","233,50","237,80","228,80","458,45K","-1,28%"
"04.03.2021","235,00","228,30","237,50","226,00","531,89K","2,93%"
"03.03.2021","228,30","241,80","245,30","227,00","836,64K","-5,39%"
"02.03.2021","241,30","240,90","245,90","236,00","674,14K","0,42%"
"01.03.2021","240,30","237,40","241,00","225,20","1,09M","1,56%"
"26.02.2021","236,60","249,60","249,90","234,20","1,48M","-5,96%"
"25.02.2021","251,60","255,00","256,00","249,10","767,66K","-2,56%"
"24.02.2021","258,20","258,20","262,30","256,00","341,06K","0,19%"
"23.02.2021","257,70","259,00","261,10","250,10","556,19K","-0,15%"
"22.02.2021","258,10","266,40","268,20","258,00","467,36K","-2,75%"
"19.02.2021","265,40","275,00","278,90","264,70","429,13K","-3,49%"
"18.02.2021","275,00","271,30","283,50","269,20","498,95K","1,36%"
"17.02.2021","271,30","272,10","272,50","268,10","294,25K","0,44%"
"16.02.2021","270,10","271,00","273,20","266,70","326,74K","0,04%"
"15.02.2021","270,00","260,00","270,60","258,30","270,92K","2,66%"
"12.02.2021","263,00","269,10","269,70","260,30","366,96K","-2,77%"
"11.02.2021","270,50","268,50","271,40","268,00","350,85K","0,37%"
"10.02.2021","269,50","268,90","275,50","264,40","655,25K","-0,19%"
"09.02.2021","270,00","287,00","288,20","268,40","1,13M","-5,69%"
"08.02.2021","286,30","297,00","297,80","286,30","484,61K","-2,42%"
"05.02.2021","293,40","293,20","297,90","288,20","434,37K","0,82%"
"04.02.2021","291,00","288,10","298,80","288,10","403,34K","1,04%"
"03.02.2021","288,00","284,00","295,60","283,40","690,04K","1,66%"
"02.02.2021","283,30","305,50","305,90","282,40","1,38M","-7,36%"
"01.02.2021","305,80","305,50","316,00","291,30","1,01M","0,20%"
"29.01.2021","305,20","354,00","358,00","297,70","2,95M","-16,38%"
"28.01.2021","365,00","311,20","376,50","299,10","6,86M","15,58%"
"27.01.2021","315,80","308,00","345,00","308,00","5,87M","5,27%"
"26.01.2021","300,00","273,10","300,00","273,10","2,68M","8,81%"
"25.01.2021","275,70","252,00","276,60","250,30","1,61M","10,24%"
"22.01.2021","250,10","252,00","257,00","249,90","519,93K","-1,22%"
"21.01.2021","253,20","255,00","260,50","251,60","901,49K","0,20%"
"20.01.2021","252,70","247,00","255,70","239,00","741,54K","1,81%"
"19.01.2021","248,20","255,30","257,00","242,80","752,44K","-2,09%"
"18.01.2021","253,50","257,00","258,20","249,30","480,23K","-1,05%"
"15.01.2021","256,20","265,00","267,20","251,10","760,61K","-3,32%"
"14.01.2021","265,00","253,40","277,10","251,30","1,29M","6,04%"
"13.01.2021","249,90","248,50","253,50","247,10","654,83K","0,56%"
"12.01.2021","248,50","246,00","252,90","243,00","656,35K","1,02%"
"11.01.2021","246,00","240,00","257,00","240,00","795,94K","2,54%"
"08.01.2021","239,90","250,20","253,40","234,20","1,52M","-3,27%"
"07.01.2021","248,00","267,00","267,10","248,00","1,52M","-6,66%"
"05.01.2021","265,70","275,60","275,60","263,60","907,15K","-3,87%"
"04.01.2021","276,40","276,50","279,00","268,10","694,60K","0,62%"
"30.12.2020","274,70","280,50","280,50","270,40","650,14K","-2,07%"
"29.12.2020","280,50","279,50","285,20","274,40","690,38K","2,37%"
"28.12.2020","274,00","265,00","274,00","257,10","1,03M","1,86%"
"23.12.2020","269,00","275,00","275,60","252,00","1,45M","0,49%"
"22.12.2020","267,70","262,60","275,90","262,00","1,49M","4,57%"
"21.12.2020","256,00","260,00","265,30","248,00","2,71M","-5,67%"
"18.12.2020","271,40","260,00","272,60","242,50","5,44M","-12,23%"
"17.12.2020","309,20","305,00","313,90","305,00","1,07M","3,07%"
"16.12.2020","300,00","299,30","304,00","290,00","1,12M","0,00%"
"15.12.2020","300,00","303,80","316,80","294,00","2,66M","1,32%"
"14.12.2020","296,10","265,00","298,00","238,50","5,36M","-7,61%"
"11.12.2020","320,50","358,80","358,80","308,30","3,97M","-11,46%"
"10.12.2020","362,00","391,50","401,10","358,30","2,05M","-8,54%"
"09.12.2020","395,80","399,70","412,10","383,20","1,41M","0,20%"
"08.12.2020","395,00","400,00","410,40","385,00","1,87M","-7,08%"
"07.12.2020","425,10","446,50","464,20","401,90","1,43M","-4,04%"
"04.12.2020","443,00","422,80","443,50","422,50","471,52K","5,23%"
"03.12.2020","421,00","426,00","428,00","418,00","482,45K","-0,94%"
"02.12.2020","425,00","411,20","426,00","404,70","565,81K","4,68%"
"01.12.2020","406,00","392,40","418,20","392,40","938,47K","4,24%"
"30.11.2020","389,50","366,00","391,20","366,00","1,05M","7,39%"
"27.11.2020","362,70","359,00","364,00","352,60","382,79K","1,06%"
"26.11.2020","358,90","369,00","377,50","358,00","496,37K","-1,40%"
"25.11.2020","364,00","372,20","373,50","363,10","346,77K","-1,91%"
"24.11.2020","371,10","375,00","377,00","365,50","278,35K","-0,40%"
"23.11.2020","372,60","377,50","389,00","372,00","325,87K","0,11%"
"20.11.2020","372,20","368,10","376,10","368,00","295,55K","1,14%"
"19.11.2020","368,00","374,00","374,00","365,50","338,48K","-1,74%"
"18.11.2020","374,50","371,00","378,80","370,00","309,34K","1,33%"
"17.11.2020","369,60","360,00","371,00","359,20","293,78K","2,55%"
"16.11.2020","360,40","370,00","371,90","360,40","308,16K","-0,83%"
"13.11.2020","363,40","372,50","372,50","363,10","286,44K","-2,42%"
"12.11.2020","372,40","371,00","378,40","367,20","443,94K","1,83%"
"10.11.2020","365,70","375,00","378,70","353,50","808,75K","-1,53%"
"09.11.2020","371,40","389,00","401,10","369,10","973,13K","-3,05%"
"06.11.2020","383,10","373,00","389,00","371,50","378,07K","3,23%"
"05.11.2020","371,10","387,90","396,20","370,00","764,03K","-2,65%"
"04.11.2020","381,20","365,00","386,90","359,80","754,99K","4,44%"
"03.11.2020","365,00","347,50","366,50","343,00","585,15K","6,51%"
"02.11.2020","342,70","343,60","348,80","341,40","463,67K","2,18%"
"30.10.2020","335,40","351,70","352,00","333,30","582,12K","-5,25%"
"29.10.2020","354,00","336,00","356,50","334,00","764,40K","6,95%"
"28.10.2020","331,00","349,00","353,90","320,00","1,57M","-9,09%"
"27.10.2020","364,10","363,20","380,00","362,60","686,23K","1,14%"
"26.10.2020","360,00","354,50","365,60","354,00","374,91K","1,84%"
"23.10.2020","353,50","367,40","370,10","352,70","782,01K","-3,57%"
"22.10.2020","366,60","360,00","376,50","358,00","333,21K","0,22%"
"21.10.2020","365,80","367,20","369,40","354,70","686,25K","-0,57%"
"20.10.2020","367,90","372,00","378,00","362,20","485,65K","-1,10%"
"19.10.2020","372,00","381,60","384,00","372,00","310,37K","-1,74%"
"16.10.2020","378,60","378,00","390,00","378,00","627,82K","0,96%"
"15.10.2020","375,00","386,40","387,50","373,30","311,46K","-3,60%"
"14.10.2020","389,00","383,00","397,70","380,10","424,44K","1,57%"
"13.10.2020","383,00","371,00","384,20","367,00","283,06K","3,23%"
"12.10.2020","371,00","378,00","382,70","371,00","430,80K","-1,90%"
"09.10.2020","378,20","389,90","389,90","373,50","367,45K","-2,75%"
"08.10.2020","388,90","381,20","388,90","379,90","363,14K","3,13%"
"07.10.2020","377,10","375,30","379,80","365,70","529,45K","0,61%"
"06.10.2020","374,80","400,00","400,80","373,00","793,73K","-5,99%"
"05.10.2020","398,70","403,00","410,50","395,10","388,53K","0,38%"
"02.10.2020","397,20","390,10","400,50","384,10","758,12K","3,82%"
"01.10.2020","382,60","416,90","416,90","377,00","1,17M","-8,56%"
"30.09.2020","418,40","425,00","430,40","418,40","428,69K","-3,01%"
"29.09.2020","431,40","429,90","434,70","424,50","311,73K","0,42%"
"28.09.2020","429,60","414,00","429,60","413,30","315,51K","4,78%"
"25.09.2020","410,00","404,60","410,00","400,10","280,91K","1,84%"
"24.09.2020","402,60","404,00","409,40","398,30","534,19K","-1,08%"
"23.09.2020","407,00","400,90","409,40","400,90","321,58K","1,52%"
"22.09.2020","400,90","391,30","407,90","390,20","558,15K","4,05%"
"21.09.2020","385,30","402,00","409,20","385,30","421,15K","-4,18%"
"18.09.2020","402,10","405,00","411,30","402,10","687,67K","-0,47%"
"17.09.2020","404,00","402,00","406,20","396,80","328,48K","-0,32%"
"16.09.2020","405,30","405,60","412,90","401,50","343,71K","0,57%"
"15.09.2020","403,00","417,20","417,20","400,50","449,66K","-3,43%"
"14.09.2020","417,30","433,00","434,50","417,30","609,77K","-3,00%"
"11.09.2020","430,20","430,00","433,00","427,10","423,62K","0,28%"
"10.09.2020","429,00","431,30","433,30","427,80","460,99K","-0,69%"
"09.09.2020","432,00","433,00","434,30","426,60","419,62K","-0,32%"
"08.09.2020","433,40","440,00","440,30","428,20","388,17K","-0,73%"
"07.09.2020","436,60","430,10","439,10","425,70","152,48K","2,01%"
"04.09.2020","428,00","419,80","435,90","411,60","813,83K","-0,60%"
"03.09.2020","430,60","443,40","446,80","429,80","302,44K","-2,11%"
"02.09.2020","439,90","439,10","451,00","438,10","167,36K","-0,18%"
"01.09.2020","440,70","438,50","447,80","436,40","279,98K","0,50%"
"31.08.2020","438,50","446,00","449,90","435,00","335,64K","-1,68%"
"28.08.2020","446,00","455,30","458,30","443,80","352,90K","-3,21%"
"27.08.2020","460,80","435,00","462,00","433,10","635,39K","5,45%"
"26.08.2020","437,00","409,50","437,70","407,80","251,76K","7,11%"
"25.08.2020","408,00","414,00","416,00","407,00","252,31K","-1,59%"
"24.08.2020","414,60","414,20","419,10","411,80","187,03K","1,32%"
"21.08.2020","409,20","413,50","415,40","409,00","178,88K","0,15%"
"20.08.2020","408,60","414,00","414,00","404,60","139,00K","-1,54%"
"19.08.2020","415,00","406,00","415,00","404,00","189,91K","2,14%"
"18.08.2020","406,30","408,00","409,60","401,40","245,03K","-0,42%"
"17.08.2020","408,00","410,70","415,00","407,40","321,63K","-0,66%"
"14.08.2020","410,70","409,80","415,90","407,00","169,43K","0,00%"
"13.08.2020","410,70","418,00","419,90","410,70","308,82K","-1,75%"
"12.08.2020","418,00","416,60","420,40","410,00","229,81K","0,34%"
"11.08.2020","416,60","427,20","429,60","412,20","224,35K","-2,07%"
"10.08.2020","425,40","427,00","435,00","424,20","271,46K","-0,37%"
"07.08.2020","427,00","412,00","431,60","410,20","339,69K","3,52%"
"06.08.2020","412,50","411,50","417,60","407,60","235,95K","0,61%"
"05.08.2020","410,00","416,80","419,50","408,40","342,35K","-1,80%"
"04.08.2020","417,50","419,00","423,00","414,20","710,09K","0,12%"
"03.08.2020","417,00","400,00","418,80","399,40","681,05K","3,73%"
"31.07.2020","402,00","399,60","404,80","398,10","237,49K","0,88%"
"30.07.2020","398,50","406,00","410,80","397,90","629,45K","-0,62%"
"29.07.2020","401,00","393,50","403,60","391,20","573,52K","1,47%"
"28.07.2020","395,20","397,60","398,00","390,20","287,33K","-1,00%"
"27.07.2020","399,20","388,00","401,20","383,10","503,00K","2,89%"
"24.07.2020","388,00","382,10","388,80","379,20","429,78K","0,13%"
"23.07.2020","387,50","385,10","389,70","382,10","328,47K","1,17%"
"22.07.2020","383,00","381,30","386,00","375,00","300,84K","0,52%"
"21.07.2020","381,00","397,00","398,00","380,00","409,22K","-3,08%"
"20.07.2020","393,10","372,00","393,30","371,90","311,46K","5,96%"
"17.07.2020","371,00","369,40","371,60","366,20","219,46K","0,73%"
"16.07.2020","368,30","366,00","370,50","361,60","216,85K","0,90%"
"15.07.2020","365,00","357,40","379,20","357,40","564,24K","3,14%"
"14.07.2020","353,90","366,90","367,90","351,10","624,81K","-4,22%"
"13.07.2020","369,50","383,00","385,40","368,70","454,14K","-2,76%"
"10.07.2020","380,00","381,30","386,00","379,00","390,77K","-1,53%"
"09.07.2020","385,90","399,20","400,90","385,90","439,10K","-3,31%"
"08.07.2020","399,10","404,40","405,10","396,90","182,17K","-1,31%"
"07.07.2020","404,40","405,00","407,40","400,40","188,40K","-0,15%"
"06.07.2020","405,00","409,80","410,50","403,90","161,78K","-0,25%"
"03.07.2020","406,00","407,00","409,80","403,80","108,27K","0,27%"
"02.07.2020","404,90","404,90","408,60","400,90","213,80K","0,42%"
"01.07.2020","403,20","395,50","404,10","390,00","225,75K","2,10%"
"30.06.2020","394,90","400,00","405,20","393,80","293,41K","-1,67%"
"29.06.2020","401,60","394,00","402,90","390,00","293,13K","1,59%"
"26.06.2020","395,30","415,00","416,50","395,00","534,53K","-4,19%"
"25.06.2020","412,60","408,00","412,60","405,00","226,14K","1,23%"
"24.06.2020","407,60","410,00","412,90","405,00","192,03K","0,89%"
"23.06.2020","404,00","407,30","412,00","400,20","240,16K","-0,76%"
"22.06.2020","407,10","390,00","409,00","388,00","458,16K","3,67%"
"19.06.2020","392,70","373,40","393,90","373,30","861,53K","1,39%"
"18.06.2020","387,30","387,40","396,50","386,20","185,35K","-0,03%"
"17.06.2020","387,40","383,80","391,40","377,50","271,99K","2,14%"
"16.06.2020","379,30","377,80","385,50","375,40","153,02K","1,66%"
"15.06.2020","373,10","375,00","381,80","373,00","299,78K","-1,63%"
"12.06.2020","379,30","378,10","388,70","371,90","332,99K","-3,54%"
"10.06.2020","393,20","388,50","393,20","381,00","279,80K","1,89%"
"09.06.2020","385,90","372,00","385,90","352,20","389,15K","4,07%"
"08.06.2020","370,80","386,10","388,50","370,80","464,85K","-5,07%"
"05.06.2020","390,60","394,50","396,00","388,50","382,04K","-0,51%"
"04.06.2020","392,60","386,60","394,30","386,00","290,67K","1,16%"
"03.06.2020","388,10","390,00","398,00","386,00","273,64K","-0,03%"
"02.06.2020","388,20","396,00","397,40","385,50","483,49K","-2,19%"
"01.06.2020","396,90","405,00","407,70","394,70","211,41K","-1,71%"
"29.05.2020","403,80","411,00","412,90","393,10","844,54K","1,20%"
"28.05.2020","399,00","389,10","399,70","385,30","375,60K","4,59%"
"27.05.2020","381,50","413,00","413,50","381,00","708,64K","-7,63%"
"26.05.2020","413,00","400,00","417,70","398,00","431,81K","3,90%"
"25.05.2020","397,50","395,40","403,10","395,40","114,84K","1,04%"
"22.05.2020","393,40","390,00","396,90","388,80","224,82K","0,20%"
"21.05.2020","392,60","394,80","400,20","391,40","323,01K","-0,61%"
"20.05.2020","395,00","381,80","397,40","380,20","326,27K","4,03%"
"19.05.2020","379,70","388,10","389,00","377,70","247,63K","-1,43%"
"18.05.2020","385,20","375,40","385,20","371,00","244,90K","3,80%"
"15.05.2020","371,10","370,10","374,60","366,30","240,33K","0,30%"
"14.05.2020","370,00","377,10","378,60","364,20","341,33K","-2,50%"
"13.05.2020","379,50","371,00","379,60","370,40","275,91K","1,80%"
"12.05.2020","372,80","360,80","375,90","360,50","422,04K","2,70%"
"11.05.2020","363,00","358,00","363,60","354,10","237,31K","2,28%"
"08.05.2020","354,90","359,20","359,70","352,50","192,11K","-0,20%"
"07.05.2020","355,60","360,00","363,20","354,10","197,35K","-1,22%"
"06.05.2020","360,00","361,50","363,60","356,30","432,84K","0,70%"
"05.05.2020","357,50","360,30","361,00","351,20","205,54K","-0,11%"
"04.05.2020","357,90","351,00","365,00","348,60","245,95K","0,08%"
"30.04.2020","357,60","362,70","367,50","351,40","326,04K","-1,00%"
"29.04.2020","361,20","359,10","365,10","353,40","256,53K","0,58%"
"28.04.2020","359,10","368,30","372,40","358,30","328,81K","-2,42%"
"27.04.2020","368,00","367,50","374,00","366,10","328,00K","1,27%"
"24.04.2020","363,40","351,60","373,40","344,00","446,10K","2,45%"
"23.04.2020","354,70","343,00","354,70","342,00","303,81K","2,22%"
"22.04.2020","347,00","336,00","347,00","334,00","259,67K","3,27%"
"21.04.2020","336,00","342,60","344,20","336,00","187,42K","-2,67%"
"20.04.2020","345,20","339,00","346,00","335,00","224,06K","1,68%"
"17.04.2020","339,50","338,30","344,20","337,00","233,06K","1,59%"
"16.04.2020","334,20","342,80","344,60","332,70","416,49K","-2,34%"
"15.04.2020","342,20","343,70","344,90","338,30","571,74K","0,06%"
"14.04.2020","342,00","331,00","342,80","324,60","414,13K","3,95%"
"09.04.2020","329,00","331,00","333,90","319,70","688,44K","6,51%"
"08.04.2020","308,90","295,00","311,80","293,00","303,78K","2,05%"
"07.04.2020","302,70","329,00","331,60","302,70","566,76K","-4,87%"
"06.04.2020","318,20","305,00","318,70","304,30","399,01K","7,14%"
"03.04.2020","297,00","289,00","297,80","285,10","414,09K","3,20%"
"02.04.2020","287,80","282,10","287,80","276,50","289,44K","2,02%"
"01.04.2020","282,10","283,50","287,90","279,00","268,50K","-2,42%"
"31.03.2020","289,10","283,00","289,90","281,20","355,10K","2,92%"
"30.03.2020","280,90","280,00","280,90","273,20","279,02K","0,68%"
"27.03.2020","279,00","282,50","283,80","274,60","284,03K","-0,75%"
"26.03.2020","281,10","275,90","281,80","273,50","294,82K","1,26%"
"25.03.2020","277,60","284,00","287,70","272,00","382,92K","0,36%"
"24.03.2020","276,60","277,10","280,60","268,30","433,76K","4,30%"
"23.03.2020","265,20","257,10","272,00","250,00","439,02K","-0,49%"
"20.03.2020","266,50","281,00","283,30","256,40","934,66K","-2,56%"
"19.03.2020","273,50","258,30","273,50","256,50","511,95K","5,88%"
"18.03.2020","258,30","269,50","281,20","255,30","715,11K","-3,83%"
"17.03.2020","268,60","262,00","272,80","255,20","861,02K","6,59%"
"16.03.2020","252,00","235,90","272,00","222,00","982,18K","3,32%"
"13.03.2020","243,90","230,00","253,00","223,80","1,24M","12,86%"
"12.03.2020","216,10","228,00","235,00","205,20","1,33M","-13,90%"
"11.03.2020","251,00","271,00","271,70","242,00","797,22K","-7,14%"
"10.03.2020","270,30","275,00","280,00","268,00","454,37K","0,11%"
"09.03.2020","270,00","266,00","284,00","259,50","706,20K","-7,91%"
"06.03.2020","293,20","294,60","294,90","283,00","363,93K","-1,48%"
"05.03.2020","297,60","303,00","305,50","294,20","303,55K","0,68%"
"04.03.2020","295,60","300,30","304,40","292,50","412,46K","-3,34%"
"03.03.2020","305,80","295,00","306,90","290,20","745,53K","7,52%"
"02.03.2020","284,40","287,90","298,00","272,00","677,21K","2,12%"
"28.02.2020","278,50","276,00","286,00","261,60","1,11M","-4,79%"
"27.02.2020","292,50","308,00","311,00","290,70","458,10K","-4,97%"
"26.02.2020","307,80","301,60","316,60","297,00","527,80K","0,16%"
"25.02.2020","307,30","316,20","321,70","305,30","615,23K","-4,03%"
"24.02.2020","320,20","327,60","330,00","319,00","400,03K","-3,26%"
"21.02.2020","331,00","328,00","334,00","326,60","202,85K","0,76%"
"20.02.2020","328,50","330,60","331,90","326,60","197,25K","-0,70%"
"19.02.2020","330,80","330,00","331,90","325,70","306,09K","0,55%"
"18.02.2020","329,00","325,40","330,80","323,00","114,45K","0,92%"
"17.02.2020","326,00","327,60","336,00","323,60","171,20K","0,00%"
"14.02.2020","326,00","319,30","326,80","317,50","397,18K","2,29%"
"13.02.2020","318,70","313,10","318,70","312,20","253,25K","1,76%"
"12.02.2020","313,20","311,00","315,80","308,40","234,32K","0,87%"
"11.02.2020","310,50","313,00","317,00","310,50","216,76K","-0,06%"
"10.02.2020","310,70","310,90","313,40","310,00","122,26K","0,62%"
"07.02.2020","308,80","313,30","316,80","307,40","234,34K","-1,56%"
"06.02.2020","313,70","309,50","314,50","305,70","331,44K","1,85%"
"05.02.2020","308,00","303,00","320,60","302,30","787,82K","0,98%"
"04.02.2020","305,00","293,50","305,00","290,30","665,75K","3,92%"
"03.02.2020","293,50","280,60","293,50","279,50","590,14K","4,23%"
"31.01.2020","281,60","278,00","281,60","274,50","555,27K","1,33%"
"30.01.2020","277,90","277,00","278,40","274,00","335,48K","0,22%"
"29.01.2020","277,30","277,00","277,90","274,20","399,48K","0,36%"
"28.01.2020","276,30","271,50","276,30","271,50","245,63K","1,96%"
"27.01.2020","271,00","277,10","279,30","268,30","262,72K","-1,81%"
"24.01.2020","276,00","273,00","277,50","271,20","329,15K","0,73%"
"23.01.2020","274,00","274,00","278,50","272,80","455,07K","-0,58%"
"22.01.2020","275,60","281,90","284,00","274,40","497,12K","-1,15%"
"21.01.2020","278,80","281,70","285,70","273,60","442,06K","-0,96%"
"20.01.2020","281,50","268,70","282,60","267,10","763,17K","5,63%"
"17.01.2020","266,50","253,80","268,00","243,00","2,79M","-5,60%"
"16.01.2020","282,30","282,50","286,00","279,20","248,31K","-0,32%"
"15.01.2020","283,20","289,40","289,60","282,70","262,72K","-1,84%"
"14.01.2020","288,50","290,50","291,80","286,20","269,72K","-0,72%"
"13.01.2020","290,60","287,80","290,60","284,20","209,12K","1,96%"
"10.01.2020","285,00","289,50","292,70","284,50","264,61K","-1,25%"
"09.01.2020","288,60","284,00","288,60","283,00","194,90K","2,67%"
"08.01.2020","281,10","283,50","283,80","277,30","224,47K","-0,95%"
"07.01.2020","283,80","287,10","288,40","282,90","212,87K","-0,77%"
"03.01.2020","286,00","287,00","289,80","281,10","243,98K","-0,28%"
"02.01.2020","286,80","282,00","286,80","281,00","167,49K","2,61%"
"30.12.2019","279,50","277,20","282,70","277,10","160,02K","0,65%"
"27.12.2019","277,70","281,00","285,00","277,20","204,13K","-0,82%"
"23.12.2019","280,00","272,00","280,00","270,20","283,55K","3,67%"
"20.12.2019","270,10","270,00","271,10","267,80","310,73K","0,52%"
"19.12.2019","268,70","268,50","272,00","266,20","322,48K","0,22%"
"18.12.2019","268,10","264,60","268,70","260,80","271,42K","2,09%"
"17.12.2019","262,60","257,70","264,00","253,80","227,12K","2,42%"
"16.12.2019","256,40","255,00","257,80","252,50","130,52K","0,75%"
"13.12.2019","254,50","258,70","260,70","253,00","185,87K","-1,36%"
"12.12.2019","258,00","255,40","258,80","252,40","217,13K","1,98%"
"11.12.2019","253,00","257,00","259,40","253,00","190,84K","-1,59%"
"10.12.2019","257,10","264,00","264,00","257,00","137,76K","-2,58%"
"09.12.2019","263,90","262,40","263,90","257,50","93,27K","1,00%"
"06.12.2019","261,30","261,50","264,30","258,10","135,20K","-0,27%"
"05.12.2019","262,00","261,50","262,70","260,00","159,74K","0,65%"
"04.12.2019","260,30","259,40","262,10","258,00","203,23K","1,28%"
"03.12.2019","257,00","258,00","261,90","256,90","210,18K","-0,19%"
"02.12.2019","257,50","264,00","264,90","253,80","343,81K","-1,90%"
"29.11.2019","262,50","269,20","269,20","261,00","245,13K","-2,49%"
"28.11.2019","269,20","268,00","269,20","266,80","60,17K","0,30%"
"27.11.2019","268,40","267,50","268,40","265,10","131,99K","0,71%"
"26.11.2019","266,50","266,80","268,00","263,80","410,96K","0,19%"
"25.11.2019","266,00","267,00","267,90","263,60","110,17K","0,00%"
"22.11.2019","266,00","265,90","268,90","261,70","209,43K","0,99%"
"21.11.2019","263,40","267,00","267,40","260,00","195,38K","-1,35%"
"20.11.2019","267,00","265,20","267,00","263,70","179,34K","0,56%"
"19.11.2019","265,50","266,00","267,50","263,50","131,56K","-0,08%"
"18.11.2019","265,70","264,90","265,70","263,20","121,23K","1,22%"
"15.11.2019","262,50","261,40","264,90","260,60","178,56K","0,57%"
"14.11.2019","261,00","266,20","266,40","258,60","254,64K","-1,62%"
"13.11.2019","265,30","260,00","266,80","260,00","266,32K","2,04%"
"12.11.2019","260,00","262,70","264,00","256,50","305,30K","-0,31%"
"08.11.2019","260,80","266,00","266,00","260,80","238,84K","-2,50%"
"07.11.2019","267,50","259,80","267,90","259,50","272,48K","3,08%"
"06.11.2019","259,50","256,00","259,50","253,20","175,24K","1,68%"
"05.11.2019","255,20","258,50","259,80","254,00","213,90K","-1,20%"
"04.11.2019","258,30","256,80","258,70","253,90","262,33K","2,46%"
"31.10.2019","252,10","254,30","257,00","250,30","197,31K","-0,87%"
"30.10.2019","254,30","245,10","254,30","245,10","323,95K","3,37%"
"29.10.2019","246,00","245,00","248,30","244,60","237,34K","0,45%"
"28.10.2019","244,90","242,50","244,90","242,40","67,25K","1,03%"
"25.10.2019","242,40","241,90","244,50","240,50","135,15K","0,21%"
"24.10.2019","241,90","237,00","243,60","235,60","264,82K","2,76%"
"23.10.2019","235,40","234,80","236,50","233,30","98,15K","0,34%"
"22.10.2019","234,60","233,00","237,00","231,10","174,99K","0,69%"
"21.10.2019","233,00","237,50","238,60","232,00","99,47K","-0,85%"
"18.10.2019","235,00","235,00","238,40","232,70","104,61K","0,13%"
"17.10.2019","234,70","240,60","242,30","234,70","231,59K","-2,61%"
"16.10.2019","241,00","246,90","246,90","240,80","134,80K","-2,35%"
"15.10.2019","246,80","244,00","248,30","243,10","151,07K","1,56%"
"14.10.2019","243,00","238,20","243,00","234,00","136,98K","2,53%"
"11.10.2019","237,00","232,90","237,60","232,00","166,42K","2,82%"
"10.10.2019","230,50","239,00","239,50","230,00","236,35K","-3,23%"
"09.10.2019","238,20","235,00","238,60","233,30","111,64K","2,14%"
"08.10.2019","233,20","237,80","237,90","231,00","211,10K","-1,19%"
"07.10.2019","236,00","239,80","240,90","236,00","130,51K","-1,13%"
"04.10.2019","238,70","239,50","244,00","236,60","156,81K","-0,13%"
"03.10.2019","239,00","233,00","240,70","233,00","146,03K","2,01%"
"02.10.2019","234,30","240,10","240,20","234,00","216,80K","-2,70%"
"01.10.2019","240,80","244,10","245,00","237,90","339,75K","-1,07%"
"30.09.2019","243,40","245,60","245,60","242,00","124,75K","-0,69%"
"27.09.2019","245,10","247,30","247,90","244,40","65,83K","-1,17%"
"26.09.2019","248,00","245,00","248,20","245,00","87,81K","1,27%"
"25.09.2019","244,90","249,00","249,00","241,10","141,23K","-1,45%"
"24.09.2019","248,50","243,70","248,50","242,30","200,62K","2,10%"
"23.09.2019","243,40","244,10","247,00","236,40","218,75K","-0,29%"
"20.09.2019","244,10","246,00","247,10","240,80","433,73K","-0,29%"
"19.09.2019","244,80","245,50","247,80","243,80","139,71K","-0,24%"
"18.09.2019","245,40","249,80","250,20","244,50","276,67K","-1,84%"
"17.09.2019","250,00","250,20","250,70","248,50","147,64K","-0,24%"
"16.09.2019","250,60","248,50","253,60","247,30","258,63K","0,76%"
"13.09.2019","248,70","251,00","253,00","248,00","169,21K","-0,92%"
"12.09.2019","251,00","254,00","254,70","249,00","173,83K","-0,40%"
"11.09.2019","252,00","250,00","253,90","249,50","234,89K","1,20%"
"10.09.2019","249,00","260,00","260,90","247,50","411,90K","-4,23%"
"09.09.2019","260,00","256,80","261,70","256,50","295,15K","1,76%"
"06.09.2019","255,50","253,30","255,70","251,00","201,97K","1,43%"
"05.09.2019","251,90","253,00","254,80","250,80","220,22K","0,24%"
"04.09.2019","251,30","250,50","254,20","250,20","287,68K","0,88%"
"03.09.2019","249,10","249,70","250,50","246,40","187,93K","-0,36%"
"02.09.2019","250,00","253,00","253,90","247,60","191,34K","-1,19%"
"30.08.2019","253,00","250,00","259,80","249,20","807,67K","1,93%"
"29.08.2019","248,20","242,00","248,20","241,00","329,68K","2,31%"
"28.08.2019","242,60","245,70","246,60","239,80","256,21K","-1,06%"
"27.08.2019","245,20","241,00","246,90","240,40","574,99K","1,70%"
"26.08.2019","241,10","236,00","241,50","234,80","183,08K","0,29%"
"23.08.2019","240,40","240,00","241,50","235,90","205,71K","0,42%"
"22.08.2019","239,40","238,00","240,90","234,20","402,62K","0,59%"
"21.08.2019","238,00","233,20","238,10","233,20","190,44K","1,62%"
"20.08.2019","234,20","236,00","237,90","229,00","284,79K","-0,76%"
"19.08.2019","236,00","231,30","238,80","231,20","375,83K","2,03%"
"16.08.2019","231,30","220,30","232,80","217,80","475,47K","4,99%"
"14.08.2019","220,30","223,40","225,00","219,70","370,45K","-1,65%"
"13.08.2019","224,00","220,00","225,20","220,00","325,03K","1,82%"
"12.08.2019","220,00","219,70","223,90","217,70","132,60K","0,73%"
"09.08.2019","218,40","220,10","221,80","217,50","234,66K","0,23%"
"08.08.2019","217,90","218,30","220,40","216,50","189,71K","1,35%"
"07.08.2019","215,00","220,30","221,70","213,30","301,26K","-1,33%"
"06.08.2019","217,90","211,70","222,00","211,60","322,86K","2,93%"
"05.08.2019","211,70","225,00","226,00","211,70","363,74K","-6,12%"
"02.08.2019","225,50","228,00","229,90","225,20","201,65K","-1,96%"
"01.08.2019","230,00","229,80","232,10","227,30","273,78K","0,00%"
"31.07.2019","230,00","225,70","231,10","224,60","464,60K","1,81%"
"30.07.2019","225,90","223,30","225,90","222,30","110,57K","1,35%"
"29.07.2019","222,90","225,00","226,20","222,30","77,29K","-0,58%"
"26.07.2019","224,20","222,00","225,40","219,30","195,77K","1,13%"
"25.07.2019","221,70","226,80","227,40","221,20","289,48K","-2,16%"
"24.07.2019","226,60","224,50","226,90","224,00","224,55K","0,94%"
"23.07.2019","224,50","225,00","226,00","222,60","154,85K","-0,18%"
"22.07.2019","224,90","223,00","226,40","222,90","160,72K","0,85%"
"19.07.2019","223,00","220,60","225,90","220,10","419,78K","1,55%"
"18.07.2019","219,60","218,00","221,00","217,30","170,77K","0,14%"
"17.07.2019","219,30","218,00","222,20","217,00","229,76K","0,69%"
"16.07.2019","217,80","218,10","219,00","217,10","86,16K","-0,09%"
"15.07.2019","218,00","217,20","219,00","216,50","87,19K","0,37%"
"12.07.2019","217,20","217,50","219,60","216,50","222,45K","-0,09%"
"11.07.2019","217,40","216,60","217,40","215,00","302,00K","0,69%"
"10.07.2019","215,90","212,90","217,00","212,60","166,68K","1,60%"
"09.07.2019","212,50","215,30","216,10","212,10","233,71K","-2,07%"
"08.07.2019","217,00","215,70","217,40","214,00","310,12K","0,05%"
"05.07.2019","216,90","213,50","217,40","213,00","176,65K","1,59%"
"04.07.2019","213,50","215,00","215,60","211,50","112,50K","-1,07%"
"03.07.2019","215,80","214,00","215,80","212,20","135,92K","0,37%"
"02.07.2019","215,00","216,40","216,40","209,70","279,83K","-0,74%"
"01.07.2019","216,60","218,30","218,60","210,70","314,38K","0,60%"
"28.06.2019","215,30","214,90","218,60","214,30","730,59K","0,56%"
"27.06.2019","214,10","208,50","214,40","207,20","400,85K","2,69%"
"26.06.2019","208,50","202,80","208,50","202,50","303,55K","3,01%"
"25.06.2019","202,40","204,00","205,20","201,80","511,10K","0,55%"
"24.06.2019","201,30","204,90","206,50","201,30","388,26K","-0,64%"
"21.06.2019","202,60","207,50","208,30","202,10","694,67K","-2,41%"
"19.06.2019","207,60","206,00","208,40","205,00","252,94K","1,52%"
"18.06.2019","204,50","204,00","208,20","200,60","407,22K","0,25%"
"17.06.2019","204,00","208,50","209,90","203,50","254,72K","-2,16%"
"14.06.2019","208,50","207,00","209,30","206,40","452,55K","0,92%"
"13.06.2019","206,60","209,00","215,80","205,00","679,50K","-1,76%"
"12.06.2019","210,30","222,50","222,90","210,20","611,57K","-5,06%"
"11.06.2019","221,50","229,10","229,60","220,20","588,08K","-3,06%"
"10.06.2019","228,50","232,10","233,00","220,00","886,62K","4,10%"
"07.06.2019","219,50","213,00","219,60","212,90","272,33K","3,54%"
"06.06.2019","212,00","210,70","212,60","207,80","203,94K","1,05%"
"05.06.2019","209,80","209,00","211,50","207,70","192,36K","1,35%"
"04.06.2019","207,00","203,00","207,00","197,40","473,78K","1,97%"
"03.06.2019","203,00","208,70","209,60","203,00","364,30K","-2,31%"
"31.05.2019","207,80","211,00","213,20","206,40","420,94K","-3,03%"
"30.05.2019","214,30","209,00","214,70","204,60","255,55K","2,19%"
"29.05.2019","209,70","215,00","215,10","206,10","431,10K","-1,92%"
"28.05.2019","213,80","216,00","220,60","213,80","715,68K","-1,20%"
"27.05.2019","216,40","219,00","222,00","215,70","163,66K","-0,92%"
"24.05.2019","218,40","213,70","224,90","212,30","713,42K","6,02%"
"23.05.2019","206,00","204,00","209,50","204,00","262,75K","1,33%"
"22.05.2019","203,30","206,00","208,40","202,40","457,36K","-0,97%"
"21.05.2019","205,30","206,50","208,70","202,10","207,67K","-0,48%"
"20.05.2019","206,30","210,40","211,40","202,80","220,00K","-2,27%"
"17.05.2019","211,10","212,60","212,80","208,10","153,34K","-0,66%"
"16.05.2019","212,50","209,20","213,40","209,20","275,20K","1,53%"
"15.05.2019","209,30","211,70","212,50","207,60","149,51K","-0,05%"
"14.05.2019","209,40","208,00","211,40","206,30","198,22K","1,26%"
"13.05.2019","206,80","212,10","213,10","205,30","288,11K","-2,50%"
"10.05.2019","212,10","215,70","216,00","211,30","148,39K","-1,03%"
"09.05.2019","214,30","215,50","219,50","213,20","214,15K","-0,33%"
"08.05.2019","215,00","210,60","215,30","210,60","198,61K","2,33%"
"07.05.2019","210,10","211,00","215,90","210,00","200,00K","0,14%"
"06.05.2019","209,80","210,30","211,80","208,10","123,86K","-1,41%"
"02.05.2019","212,80","215,00","216,70","210,40","195,63K","-0,98%"
"30.04.2019","214,90","212,00","214,90","210,00","204,85K","1,13%"
"29.04.2019","212,50","212,50","213,40","210,30","105,65K","0,43%"
"26.04.2019","211,60","208,40","212,00","208,40","115,02K","0,81%"
"25.04.2019","209,90","211,60","212,50","207,10","184,30K","-0,62%"
"24.04.2019","211,20","209,50","212,40","206,50","231,77K","2,03%"
"23.04.2019","207,00","203,00","207,50","203,00","200,32K","2,48%"
"18.04.2019","202,00","201,00","203,00","196,10","234,32K","0,50%"
"17.04.2019","201,00","207,50","207,50","200,30","417,13K","-3,23%"
"16.04.2019","207,70","213,00","214,30","206,90","151,14K","-2,26%"
"15.04.2019","212,50","209,00","213,30","209,00","147,74K","1,92%"
"12.04.2019","208,50","214,80","214,80","208,50","224,40K","-2,25%"
"11.04.2019","213,30","209,20","214,00","208,70","313,07K","2,60%"
"10.04.2019","207,90","203,30","207,90","203,30","305,73K","2,26%"
"09.04.2019","203,30","205,70","205,90","202,80","219,03K","-0,44%"
"08.04.2019","204,20","205,20","208,40","202,50","346,12K","0,10%"
"05.04.2019","204,00","207,00","207,90","200,60","364,30K","-1,45%"
"04.04.2019","207,00","220,00","220,50","204,60","663,47K","-5,87%"
"03.04.2019","219,90","215,00","219,90","214,50","439,97K","3,39%"
"02.04.2019","212,70","205,00","213,00","205,00","327,18K","4,26%"
"01.04.2019","204,00","201,00","209,30","199,50","424,53K","2,00%"
"29.03.2019","200,00","202,00","204,60","196,10","382,10K","-0,60%"
"28.03.2019","201,20","197,00","202,40","194,30","359,91K","2,71%"
"27.03.2019","195,90","186,30","200,00","183,80","723,26K","5,44%"
"26.03.2019","185,80","185,50","186,30","183,10","108,19K","0,70%"
"25.03.2019","184,50","184,80","187,70","183,30","191,78K","-0,75%"
"22.03.2019","185,90","187,10","188,70","184,90","139,26K","0,32%"
"21.03.2019","185,30","186,20","186,90","182,60","163,79K","-0,43%"
"20.03.2019","186,10","190,80","190,80","185,70","162,62K","-1,17%"
"19.03.2019","188,30","187,40","190,30","185,60","136,61K","-0,05%"
"18.03.2019","188,40","186,10","189,50","184,00","190,88K","1,24%"
"15.03.2019","186,10","183,10","187,00","182,80","379,34K","1,36%"
"14.03.2019","183,60","184,10","184,70","182,40","163,17K","-0,22%"
"13.03.2019","184,00","180,00","184,10","178,10","244,92K","2,28%"
"12.03.2019","179,90","184,10","185,10","176,50","272,19K","-1,10%"
"11.03.2019","181,90","182,00","184,30","181,60","224,42K","-0,60%"
"08.03.2019","183,00","185,30","187,00","182,60","151,73K","-1,29%"
"07.03.2019","185,40","188,00","189,00","185,00","131,67K","-1,38%"
"06.03.2019","188,00","188,90","189,30","186,90","161,36K","0,21%"
"05.03.2019","187,60","188,60","190,00","187,10","73,54K","-0,95%"
"04.03.2019","189,40","192,00","193,70","187,70","148,17K","-1,87%"
"01.03.2019","193,00","192,00","193,00","189,60","131,28K","1,53%"
"28.02.2019","190,10","190,00","195,00","189,20","297,05K","0,32%"
"27.02.2019","189,50","184,90","190,30","182,40","324,65K","2,05%"
"26.02.2019","185,70","182,00","185,80","179,80","195,88K","2,03%"
"25.02.2019","182,00","178,30","182,80","178,30","133,22K","2,08%"
"22.02.2019","178,30","179,20","181,20","177,30","226,40K","-0,94%"
"21.02.2019","180,00","182,50","182,50","178,00","223,60K","-1,42%"
"20.02.2019","182,60","177,50","182,60","175,80","208,14K","2,82%"
"19.02.2019","177,60","181,00","183,50","175,00","195,20K","-1,88%"
"18.02.2019","181,00","184,00","184,90","180,50","175,54K","-0,82%"
"15.02.2019","182,50","177,60","183,00","176,30","210,24K","2,41%"
"14.02.2019","178,20","177,10","179,80","175,60","126,86K","0,62%"
"13.02.2019","177,10","179,00","181,20","173,40","286,54K","0,00%"
"12.02.2019","177,10","185,00","185,80","174,10","335,77K","-3,59%"
"11.02.2019","183,70","180,40","185,00","179,50","262,88K","3,03%"
"08.02.2019","178,30","177,40","182,30","176,60","341,06K","0,17%"
"07.02.2019","178,00","181,40","183,30","176,80","358,01K","-2,47%"
"06.02.2019","182,50","191,00","191,00","181,10","504,68K","-4,75%"
"05.02.2019","191,60","191,50","193,00","189,00","149,70K","0,47%"
"04.02.2019","190,70","190,00","191,00","187,40","180,29K","0,37%"
"01.02.2019","190,00","190,00","192,10","188,10","218,10K","0,00%"
"31.01.2019","190,00","198,00","199,00","190,00","442,30K","-2,61%"
"30.01.2019","195,10","192,00","197,70","191,00","305,93K","2,63%"
"29.01.2019","190,10","187,60","192,60","185,70","222,24K","1,33%"
"28.01.2019","187,60","187,90","192,20","185,20","241,28K","-1,16%"
"25.01.2019","189,80","191,00","194,40","187,80","360,44K","-0,11%"
"24.01.2019","190,00","194,80","201,40","186,00","779,46K","-2,36%"
"23.01.2019","194,60","177,50","198,40","176,00","1,22M","11,77%"
"22.01.2019","174,10","172,70","176,40","172,30","148,45K","0,75%"
"21.01.2019","172,80","173,80","173,80","170,70","122,12K","-0,63%"
"18.01.2019","173,90","173,00","175,00","170,50","301,80K","1,64%"
"17.01.2019","171,10","165,00","172,00","164,60","369,09K","2,70%"
"16.01.2019","166,60","164,00","166,60","163,50","149,84K","2,65%"
"15.01.2019","162,30","161,20","164,00","159,00","312,69K","1,76%"
"14.01.2019","159,50","164,00","164,00","158,80","262,03K","-3,39%"
"11.01.2019","165,10","173,00","177,10","164,00","484,48K","-3,45%"
"10.01.2019","171,00","164,50","172,20","160,10","695,07K","3,64%"
"09.01.2019","165,00","154,10","165,00","154,00","477,15K","7,42%"
"08.01.2019","153,60","154,50","156,70","152,00","278,31K","-0,07%"
"07.01.2019","153,70","152,00","154,60","151,50","187,99K","1,99%"
"04.01.2019","150,70","148,00","150,80","148,00","163,95K","1,82%"
"03.01.2019","148,00","150,80","150,80","147,00","223,59K","-1,99%"
"02.01.2019","151,00","145,40","151,30","142,10","197,02K","3,71%"
"28.12.2018","145,60","145,00","146,90","143,20","284,74K","-1,29%"
"27.12.2018","147,50","156,00","157,00","146,60","237,92K","-2,32%"
"21.12.2018","151,00","150,10","156,80","149,00","649,37K","0,80%"
"20.12.2018","149,80","149,30","152,80","148,40","380,86K","-2,09%"
"19.12.2018","153,00","142,80","153,00","141,20","398,83K","7,29%"
"18.12.2018","142,60","138,10","143,40","135,40","286,16K","2,59%"
"17.12.2018","139,00","144,20","144,40","139,00","206,40K","-3,20%"
"14.12.2018","143,60","142,00","146,30","141,30","172,98K","-0,28%"
"13.12.2018","144,00","143,80","145,20","140,60","193,35K","1,55%"
"12.12.2018","141,80","142,70","143,90","140,00","207,65K","1,00%"
"11.12.2018","140,40","141,70","143,80","140,10","205,86K","0,14%"
"10.12.2018","140,20","142,20","145,60","140,20","193,38K","-2,64%"
"07.12.2018","144,00","145,00","149,70","143,70","253,76K","0,21%"
"06.12.2018","143,70","146,00","147,20","142,80","229,46K","-3,17%"
"05.12.2018","148,40","150,00","150,80","145,10","435,01K","-3,70%"
"04.12.2018","154,10","154,30","154,70","150,10","427,19K","0,06%"
"03.12.2018","154,00","148,80","156,60","148,60","747,47K","8,30%"
"30.11.2018","142,20","141,70","142,40","135,00","338,75K","0,85%"
"29.11.2018","141,00","140,00","144,00","139,20","247,98K","2,17%"
"28.11.2018","138,00","136,10","139,50","134,60","329,14K","2,37%"
"27.11.2018","134,80","139,70","139,70","132,60","246,37K","-2,95%"
"26.11.2018","138,90","142,00","143,90","135,20","274,62K","-0,93%"
"23.11.2018","140,20","140,80","141,50","135,50","215,71K","0,86%"
"22.11.2018","139,00","139,10","140,40","132,30","293,17K","1,09%"
"21.11.2018","137,50","131,00","137,60","130,30","447,53K","6,59%"
"20.11.2018","129,00","131,20","135,00","124,30","885,39K","-3,73%"
"19.11.2018","134,00","132,40","137,20","130,10","446,75K","1,21%"
"16.11.2018","132,40","141,20","145,00","128,90","724,44K","-4,06%"
"15.11.2018","138,00","145,70","148,80","138,00","351,22K","-5,80%"
"14.11.2018","146,50","139,00","149,90","138,90","347,08K","0,00%"
"13.11.2018","146,50","149,00","151,40","143,50","532,63K","-2,20%"
"09.11.2018","149,80","156,10","156,50","148,00","633,37K","-3,97%"
"08.11.2018","156,00","165,80","170,40","155,60","367,15K","-5,57%"
"07.11.2018","165,20","164,20","166,20","162,30","183,61K","1,16%"
"06.11.2018","163,30","163,50","166,80","158,20","242,40K","0,74%"
"05.11.2018","162,10","164,00","168,40","160,50","297,90K","-1,34%"
"02.11.2018","164,30","165,00","169,80","162,10","660,96K","3,79%"
"31.10.2018","158,30","154,60","160,50","154,60","585,30K","3,87%"
"30.10.2018","152,40","147,70","153,00","145,10","487,74K","2,83%"
"29.10.2018","148,20","144,10","153,50","143,50","383,41K","3,71%"
"26.10.2018","142,90","149,50","151,30","141,40","321,11K","-5,36%"
"25.10.2018","151,00","138,00","151,10","135,00","632,96K","5,37%"
"24.10.2018","143,30","144,80","150,00","143,30","285,48K","-0,69%"
"23.10.2018","144,30","154,60","154,60","142,20","901,33K","-8,09%"
"22.10.2018","157,00","159,00","159,00","155,00","130,45K","0,00%"
"19.10.2018","157,00","158,00","159,60","153,20","250,09K","1,29%"
"18.10.2018","155,00","165,10","165,10","154,20","489,19K","-5,78%"
"17.10.2018","164,50","167,00","168,80","161,40","278,91K","-0,30%"
"16.10.2018","165,00","159,50","165,00","158,60","227,01K","4,04%"
"15.10.2018","158,60","166,90","167,00","156,70","218,03K","-2,70%"
"12.10.2018","163,00","155,80","163,20","154,50","452,72K","7,24%"
"11.10.2018","152,00","149,70","154,50","146,70","655,50K","-2,25%"
"10.10.2018","155,50","165,20","166,00","149,50","583,28K","-5,18%"
"09.10.2018","164,00","162,10","166,90","156,80","572,00K","0,55%"
"08.10.2018","163,10","180,10","180,10","163,10","525,81K","-10,53%"
"05.10.2018","182,30","181,50","184,50","175,00","323,38K","1,11%"
"04.10.2018","180,30","192,00","193,20","180,10","313,23K","-6,58%"
"03.10.2018","193,00","190,20","194,40","188,60","234,81K","1,58%"
"02.10.2018","190,00","190,70","191,50","186,50","170,68K","-1,50%"
"01.10.2018","192,90","188,90","192,90","187,30","147,35K","2,99%"
"28.09.2018","187,30","194,00","194,90","184,80","253,95K","-2,65%"
"27.09.2018","192,40","186,40","192,50","185,10","254,22K","2,83%"
"26.09.2018","187,10","188,20","188,20","184,10","114,83K","0,16%"
"25.09.2018","186,80","187,40","188,00","183,50","153,71K","-0,32%"
"24.09.2018","187,40","196,20","197,80","184,00","257,13K","-3,25%"
"21.09.2018","193,70","191,00","199,70","190,00","1,93M","2,11%"
"20.09.2018","189,70","192,00","192,40","187,00","361,49K","-0,11%"
"19.09.2018","189,90","192,00","195,40","189,60","251,09K","0,21%"
"18.09.2018","189,50","181,60","191,40","180,30","285,48K","4,58%"
"17.09.2018","181,20","182,00","185,00","180,20","140,71K","-0,44%"
"14.09.2018","182,00","182,40","183,40","179,10","138,13K","1,00%"
"13.09.2018","180,20","178,00","182,80","177,10","183,38K","1,12%"
"12.09.2018","178,20","184,80","186,00","177,30","257,79K","-2,41%"
"11.09.2018","182,60","182,90","187,10","180,30","274,84K","1,61%"
"10.09.2018","179,70","171,00","181,00","167,80","383,80K","3,57%"
"07.09.2018","173,50","184,00","189,10","173,00","478,07K","-4,88%"
"06.09.2018","182,40","182,60","188,60","181,00","357,13K","-1,25%"
"05.09.2018","184,70","194,00","196,00","183,90","385,81K","-5,04%"
"04.09.2018","194,50","203,00","203,80","193,00","306,21K","-3,62%"
"03.09.2018","201,80","206,40","208,80","197,90","248,86K","-2,04%"
"31.08.2018","206,00","208,80","209,00","203,40","304,10K","-2,09%"
"30.08.2018","210,40","219,40","219,40","210,40","275,92K","-4,28%"
"29.08.2018","219,80","217,20","220,00","217,00","181,50K","0,27%"
"28.08.2018","219,20","220,00","222,40","216,00","429,14K","3,40%"
"27.08.2018","212,00","207,20","214,00","207,20","231,62K","2,71%"
"24.08.2018","206,40","210,00","210,00","204,60","119,22K","-1,24%"
"23.08.2018","209,00","207,20","209,20","203,80","112,98K","1,36%"
"22.08.2018","206,20","210,40","211,80","205,00","169,56K","-3,19%"
"21.08.2018","213,00","212,00","214,60","210,20","151,21K","1,43%"
"20.08.2018","210,00","205,20","211,00","203,40","108,75K","3,35%"
"17.08.2018","203,20","208,00","209,00","203,20","150,48K","-1,65%"
"16.08.2018","206,60","209,20","212,20","206,40","164,20K","-3,00%"
"14.08.2018","213,00","212,00","214,80","206,20","157,39K","1,14%"
"13.08.2018","210,60","201,00","211,60","199,30","215,40K","3,74%"
"10.08.2018","203,00","212,60","214,00","203,00","196,61K","-5,32%"
"09.08.2018","214,40","214,80","214,80","210,00","109,36K","-0,19%"
"08.08.2018","214,80","208,00","215,20","206,80","338,29K","4,47%"
"07.08.2018","205,60","200,20","207,20","199,50","182,15K","3,47%"
"06.08.2018","198,70","199,80","201,00","197,30","63,92K","0,86%"
"03.08.2018","197,00","197,30","203,20","197,00","155,48K","0,82%"
"02.08.2018","195,40","203,20","204,80","195,40","184,11K","-4,68%"
"01.08.2018","205,00","194,80","205,20","185,20","415,02K","3,80%"
"31.07.2018","197,50","214,40","214,40","195,50","533,93K","-7,97%"
"30.07.2018","214,60","217,00","221,00","213,80","230,77K","-1,38%"
"27.07.2018","217,60","215,40","218,00","211,60","215,93K","1,49%"
"26.07.2018","214,40","210,80","216,60","210,20","233,86K","2,00%"
"25.07.2018","210,20","207,40","212,00","206,00","200,30K","1,06%"
"24.07.2018","208,00","206,00","208,80","205,20","206,53K","2,16%"
"23.07.2018","203,60","207,00","208,40","202,80","168,04K","-0,49%"
"20.07.2018","204,60","199,00","205,40","197,10","268,28K","0,79%"
"19.07.2018","203,00","209,60","209,60","192,70","527,99K","-3,24%"
"18.07.2018","209,80","200,80","211,20","199,50","528,16K","4,27%"
"17.07.2018","201,20","195,00","201,80","194,10","555,19K","1,93%"
"16.07.2018","197,40","193,00","197,40","190,80","334,95K","2,81%"
"13.07.2018","192,00","183,00","192,00","183,00","346,62K","3,90%"
"12.07.2018","184,80","180,50","184,80","178,50","273,13K","3,47%"
"11.07.2018","178,60","178,00","180,50","176,30","357,70K","0,34%"
"10.07.2018","178,00","177,00","188,50","176,00","541,06K","1,25%"
"09.07.2018","175,80","176,70","181,10","175,60","164,07K","-0,51%"
"06.07.2018","176,70","179,00","180,00","175,90","291,11K","-1,28%"
"05.07.2018","179,00","167,50","180,90","167,40","523,39K","7,06%"
"04.07.2018","167,20","163,00","167,60","162,50","167,91K","2,70%"
"03.07.2018","162,80","162,00","163,70","160,70","69,84K","1,06%"
"02.07.2018","161,10","159,70","164,80","159,20","139,22K","-0,43%"
"29.06.2018","161,80","157,20","162,20","157,10","248,71K","2,73%"
"28.06.2018","157,50","164,50","164,90","154,80","459,75K","-4,49%"
"27.06.2018","164,90","164,80","165,90","164,00","211,68K","-0,48%"
"26.06.2018","165,70","163,80","167,30","163,10","199,50K","-0,06%"
"25.06.2018","165,80","167,00","168,30","165,50","110,77K","-0,30%"
"22.06.2018","166,30","165,00","168,50","162,70","183,09K","1,34%"
"21.06.2018","164,10","166,80","167,20","161,30","251,57K","-1,03%"
"20.06.2018","165,80","165,50","168,80","165,30","218,97K","0,36%"
"19.06.2018","165,20","169,40","169,70","163,10","404,81K","-3,95%"
"18.06.2018","172,00","169,10","172,40","163,80","367,39K","2,38%"
"15.06.2018","168,00","166,00","172,50","162,70","760,62K","2,00%"
"14.06.2018","164,70","155,30","167,00","153,50","564,83K","6,05%"
"13.06.2018","155,30","157,00","158,60","151,20","912,01K","3,40%"
"12.06.2018","150,20","144,20","153,80","144,10","551,07K","4,45%"
"11.06.2018","143,80","159,80","159,80","140,40","741,45K","-4,26%"
"08.06.2018","150,20","154,00","154,00","150,00","243,39K","-1,83%"
"07.06.2018","153,00","153,00","155,70","149,10","283,23K","0,26%"
"06.06.2018","152,60","158,90","159,70","151,50","277,33K","-2,80%"
"05.06.2018","157,00","158,50","158,90","154,40","251,10K","-0,38%"
"04.06.2018","157,60","150,80","157,90","150,60","323,63K","5,42%"
"01.06.2018","149,50","147,20","149,50","146,00","277,26K","1,56%"
"30.05.2018","147,20","143,00","147,30","142,50","413,65K","2,44%"
"29.05.2018","143,70","145,40","145,40","141,10","159,07K","-0,90%"
"28.05.2018","145,00","145,00","145,80","143,90","153,15K","0,21%"
"25.05.2018","144,70","145,90","145,90","143,90","150,84K","0,00%"
"24.05.2018","144,70","144,50","145,80","143,10","196,62K","0,07%"
"23.05.2018","144,60","147,00","147,00","142,10","138,07K","-1,30%"
"22.05.2018","146,50","147,90","148,50","144,30","289,29K","-0,34%"
"21.05.2018","147,00","142,00","148,00","141,00","400,95K","5,00%"
"18.05.2018","140,00","139,90","143,50","139,00","154,71K","0,72%"
"17.05.2018","139,00","145,00","148,90","138,50","485,85K","-4,14%"
"16.05.2018","145,00","140,80","145,30","139,60","228,39K","3,72%"
"15.05.2018","139,80","135,50","141,70","135,50","382,74K","0,58%"
"14.05.2018","139,00","145,50","148,00","138,00","674,60K","-4,14%"
"11.05.2018","145,00","144,90","146,00","141,50","285,88K","0,07%"
"10.05.2018","144,90","146,00","146,90","143,00","328,23K","0,00%"
"09.05.2018","144,90","137,50","147,80","137,50","857,38K","5,77%"
"08.05.2018","137,00","129,00","137,00","128,90","761,94K","7,03%"
"07.05.2018","128,00","126,40","129,00","125,30","155,86K","2,48%"
"04.05.2018","124,90","125,00","126,50","124,20","288,20K","0,08%"
"02.05.2018","124,80","124,80","129,80","123,00","417,27K","0,00%"
"30.04.2018","124,80","116,20","126,60","116,20","326,06K","7,59%"
"27.04.2018","116,00","117,00","117,40","115,70","149,55K","0,35%"
"26.04.2018","115,60","116,00","117,70","115,50","163,85K","-0,09%"
"25.04.2018","115,70","118,20","119,70","115,40","221,98K","-2,12%"
"24.04.2018","118,20","120,00","121,00","118,20","211,42K","-1,66%"
"23.04.2018","120,20","119,90","121,40","119,20","129,36K","0,59%"
"20.04.2018","119,50","119,00","121,20","118,60","89,25K","-0,33%"
"19.04.2018","119,90","121,50","122,00","119,70","127,95K","-1,32%"
"18.04.2018","121,50","120,00","122,30","119,80","166,51K","1,25%"
"17.04.2018","120,00","119,00","120,90","117,20","205,82K","0,59%"
"16.04.2018","119,30","122,10","123,50","118,60","255,34K","-2,29%"
"13.04.2018","122,10","124,00","125,80","122,10","121,86K","-1,29%"
"12.04.2018","123,70","124,20","126,80","122,60","257,17K","-0,80%"
"11.04.2018","124,70","125,00","127,40","122,30","293,67K","-0,24%"
"10.04.2018","125,00","123,70","125,00","120,40","264,41K","1,38%"
"09.04.2018","123,30","120,00","126,00","118,60","433,61K","2,41%"
"06.04.2018","120,40","115,50","121,10","115,50","639,25K","4,79%"
"05.04.2018","114,90","112,00","116,80","111,90","407,09K","3,05%"
"04.04.2018","111,50","109,70","111,60","108,80","283,47K","1,73%"